Frame,Prediction,Confidence,FPS
1,non-crocodile,0.9618,1.11
2,non-crocodile,0.9616,1.63
3,non-crocodile,0.9611,2.07
4,non-crocodile,0.9614,2.15
5,non-crocodile,0.9617,2.5
6,non-crocodile,0.9604,2.28
7,non-crocodile,0.9598,3.51
8,non-crocodile,0.9599,3.45
9,non-crocodile,0.9619,3.4
10,non-crocodile,0.9638,3.52
11,non-crocodile,0.9651,3.53
12,non-crocodile,0.9643,3.32
13,non-crocodile,0.9618,3.36
14,non-crocodile,0.9642,3.51
15,non-crocodile,0.9637,3.0
16,non-crocodile,0.9626,2.47
17,non-crocodile,0.9629,2.75
18,non-crocodile,0.964,2.71
19,non-crocodile,0.9632,2.85
20,non-crocodile,0.9622,2.8
21,non-crocodile,0.9622,2.65
22,non-crocodile,0.9627,2.88
23,non-crocodile,0.9616,2.71
24,non-crocodile,0.9625,2.64
25,non-crocodile,0.9627,2.78
26,non-crocodile,0.9639,2.58
27,non-crocodile,0.9656,2.71
28,non-crocodile,0.9623,2.63
29,non-crocodile,0.9621,2.81
30,non-crocodile,0.9617,2.64
31,non-crocodile,0.9613,2.63
32,non-crocodile,0.9557,2.78
33,non-crocodile,0.9555,2.78
34,non-crocodile,0.9529,2.76
35,non-crocodile,0.9529,2.79
36,non-crocodile,0.9534,2.74
37,non-crocodile,0.9531,2.8
38,non-crocodile,0.9534,2.75
39,non-crocodile,0.9525,2.67
40,non-crocodile,0.9523,2.78
41,non-crocodile,0.9523,2.52
42,non-crocodile,0.9524,2.36
43,non-crocodile,0.9523,2.55
44,non-crocodile,0.9524,2.9
45,non-crocodile,0.9522,2.51
46,non-crocodile,0.9523,3.21
47,non-crocodile,0.9523,3.28
48,non-crocodile,0.9523,3.09
49,non-crocodile,0.9523,2.89
50,non-crocodile,0.9523,2.84
51,crocodile,0.8542,2.6
52,crocodile,0.854,2.72
53,crocodile,0.8552,2.65
54,crocodile,0.8546,2.86
55,crocodile,0.8546,2.63
56,crocodile,0.8541,2.75
57,crocodile,0.8548,2.66
58,crocodile,0.8555,2.48
59,crocodile,0.8552,2.67
60,crocodile,0.8568,2.65
61,crocodile,0.8558,2.71
62,crocodile,0.8562,2.74
63,crocodile,0.8551,2.63
64,crocodile,0.8558,2.75
65,crocodile,0.8576,2.7
66,crocodile,0.859,2.52
67,crocodile,0.8603,2.48
68,crocodile,0.8623,2.43
69,crocodile,0.865,2.33
70,crocodile,0.8657,2.15
71,crocodile,0.8682,2.64
72,crocodile,0.8655,2.79
73,crocodile,0.862,2.55
74,crocodile,0.8709,2.23
75,crocodile,0.8755,2.18
76,crocodile,0.879,2.18
77,crocodile,0.8791,2.2
78,crocodile,0.885,2.22
79,crocodile,0.8878,2.23
80,crocodile,0.8934,2.15
81,crocodile,0.8966,2.15
82,crocodile,0.9003,2.61
83,crocodile,0.9134,2.4
84,crocodile,0.9143,2.55
85,crocodile,0.9186,2.06
86,crocodile,0.9287,3.15
87,crocodile,0.9259,3.33
88,crocodile,0.9286,3.33
89,crocodile,0.9302,3.25
90,crocodile,0.9389,2.94
91,crocodile,0.936,2.55
92,crocodile,0.9312,2.29
93,crocodile,0.9311,2.77
94,crocodile,0.9323,2.67
95,crocodile,0.9337,2.68
96,crocodile,0.9315,2.66
97,crocodile,0.939,2.21
98,crocodile,0.9436,2.11
99,crocodile,0.9493,1.85
100,crocodile,0.9496,1.81
101,crocodile,0.9509,2.13
102,crocodile,0.9541,2.75
103,crocodile,0.9551,2.77
104,crocodile,0.9552,2.68
105,crocodile,0.9546,2.26
106,crocodile,0.9574,2.56
107,crocodile,0.9638,2.41
108,crocodile,0.9622,2.42
109,crocodile,0.9671,2.6
110,crocodile,0.9621,2.07
111,crocodile,0.9696,2.03
112,crocodile,0.9685,2.75
113,crocodile,0.9649,2.83
114,crocodile,0.9641,2.7
115,crocodile,0.9655,2.74
116,crocodile,0.9592,2.69
117,crocodile,0.9594,2.72
118,crocodile,0.9611,2.66
119,crocodile,0.9638,2.05
120,crocodile,0.971,3.0
121,crocodile,0.9687,3.15
122,crocodile,0.97,3.1
123,crocodile,0.9668,3.25
124,crocodile,0.9661,3.01
125,crocodile,0.9671,2.37
126,crocodile,0.9743,2.63
127,crocodile,0.9749,2.51
128,crocodile,0.9739,2.68
129,crocodile,0.9638,2.7
130,crocodile,0.9635,2.64
131,crocodile,0.9613,2.45
132,crocodile,0.9655,2.72
133,crocodile,0.9632,2.45
134,crocodile,0.9567,2.69
135,crocodile,0.949,2.71
136,crocodile,0.9537,2.49
137,crocodile,0.9494,2.66
138,crocodile,0.9511,2.27
139,crocodile,0.9497,2.2
140,crocodile,0.9452,2.49
141,crocodile,0.9418,2.56
142,crocodile,0.9482,2.69
143,crocodile,0.9378,2.57
144,crocodile,0.9437,2.67
145,crocodile,0.9424,2.65
146,crocodile,0.9559,2.59
147,crocodile,0.9476,2.67
148,crocodile,0.9398,2.72
149,crocodile,0.9469,2.7
150,crocodile,0.938,2.67
151,crocodile,0.9374,2.67
152,crocodile,0.9328,2.68
153,crocodile,0.9238,2.71
154,crocodile,0.9445,2.58
155,crocodile,0.9341,2.11
156,crocodile,0.9303,2.72
157,crocodile,0.9256,2.7
158,crocodile,0.9353,2.75
159,crocodile,0.9286,2.57
160,crocodile,0.9292,2.68
161,crocodile,0.9159,2.52
162,crocodile,0.9217,2.66
163,crocodile,0.9208,2.71
164,crocodile,0.8969,2.13
165,crocodile,0.884,2.68
166,crocodile,0.9053,2.72
167,crocodile,0.9024,2.72
168,crocodile,0.9131,2.74
169,crocodile,0.9188,2.7
170,crocodile,0.917,2.65
171,crocodile,0.923,2.64
172,crocodile,0.9188,2.45
173,crocodile,0.8967,1.97
174,crocodile,0.9059,2.59
175,crocodile,0.895,2.61
176,crocodile,0.9084,2.65
177,crocodile,0.8909,2.65
178,crocodile,0.9011,3.13
179,crocodile,0.8827,3.09
180,crocodile,0.8504,3.02
181,crocodile,0.8124,2.81
182,crocodile,0.7573,2.98
183,crocodile,0.7159,2.59
184,crocodile,0.7964,2.55
185,crocodile,0.8464,2.57
186,crocodile,0.8418,2.53
187,crocodile,0.8076,2.24
188,crocodile,0.8228,2.26
189,crocodile,0.7767,2.3
190,crocodile,0.8176,2.65
191,crocodile,0.7998,2.71
192,crocodile,0.7591,2.67
193,crocodile,0.8288,2.72
194,crocodile,0.7991,2.67
195,crocodile,0.8079,2.45
196,crocodile,0.8126,2.13
197,crocodile,0.8256,3.28
198,crocodile,0.8193,2.98
199,crocodile,0.8089,3.25
200,crocodile,0.8477,3.25
201,crocodile,0.8533,3.2
202,crocodile,0.8224,2.71
203,crocodile,0.8404,2.69
204,crocodile,0.8304,2.47
205,crocodile,0.8237,2.57
206,crocodile,0.8225,2.62
207,crocodile,0.7955,2.74
208,crocodile,0.7729,2.64
209,crocodile,0.752,2.63
210,crocodile,0.7846,2.35
211,crocodile,0.7862,2.64
212,crocodile,0.7634,2.7
213,crocodile,0.7612,2.71
214,crocodile,0.808,2.52
215,crocodile,0.8112,2.71
216,crocodile,0.7764,2.56
217,crocodile,0.7816,2.22
218,crocodile,0.8154,2.41
219,crocodile,0.8825,2.67
220,crocodile,0.879,2.7
221,crocodile,0.8629,2.68
222,crocodile,0.856,2.68
223,crocodile,0.8519,2.69
224,crocodile,0.839,2.45
225,crocodile,0.835,2.16
226,crocodile,0.7869,2.28
227,crocodile,0.7774,2.72
228,crocodile,0.7756,2.3
229,crocodile,0.7559,2.25
230,crocodile,0.7433,2.18
231,crocodile,0.7012,2.63
232,crocodile,0.7303,2.63
233,crocodile,0.6973,2.71
234,crocodile,0.6931,2.69
235,crocodile,0.6909,2.62
236,crocodile,0.6951,2.53
237,crocodile,0.6623,2.72
238,crocodile,0.6639,2.53
239,crocodile,0.5989,1.81
240,crocodile,0.584,2.13
241,crocodile,0.5746,2.61
242,crocodile,0.6028,2.65
243,crocodile,0.5513,2.74
244,crocodile,0.555,2.68
245,crocodile,0.5262,2.74
246,crocodile,0.542,2.69
247,crocodile,0.6137,2.69
248,crocodile,0.6319,2.57
249,crocodile,0.745,2.3
250,crocodile,0.6997,1.78
251,crocodile,0.7582,3.32
252,crocodile,0.7627,3.3
253,crocodile,0.8454,3.39
254,crocodile,0.8171,3.38
255,crocodile,0.8619,3.29
256,crocodile,0.8352,2.99
257,crocodile,0.8507,3.08
258,crocodile,0.8471,2.48
259,crocodile,0.8485,2.43
260,crocodile,0.8613,2.37
261,crocodile,0.785,2.33
262,crocodile,0.7818,2.77
263,crocodile,0.7686,2.5
264,crocodile,0.7833,2.58
265,crocodile,0.8023,2.57
266,crocodile,0.798,2.65
267,crocodile,0.7831,2.65
268,crocodile,0.7918,2.64
269,crocodile,0.7897,2.6
270,crocodile,0.8206,2.32
271,crocodile,0.8363,2.48
272,crocodile,0.8588,2.36
273,crocodile,0.8581,2.22
274,crocodile,0.8586,2.34
275,crocodile,0.8799,2.67
276,crocodile,0.9044,2.25
277,crocodile,0.9036,2.68
278,crocodile,0.9188,2.7
279,crocodile,0.8999,2.75
280,crocodile,0.9006,2.67
281,crocodile,0.9183,2.69
282,crocodile,0.91,2.69
283,crocodile,0.8889,2.57
284,crocodile,0.8716,2.1
285,crocodile,0.8503,2.23
286,crocodile,0.8699,2.26
287,crocodile,0.885,2.14
288,crocodile,0.8961,2.23
289,crocodile,0.8988,2.23
290,crocodile,0.9105,2.25
291,crocodile,0.9168,2.63
292,crocodile,0.9087,2.68
293,crocodile,0.9057,2.63
294,crocodile,0.9052,2.71
295,crocodile,0.9098,2.63
296,crocodile,0.9244,2.66
297,crocodile,0.9237,2.72
298,crocodile,0.9089,2.6
299,crocodile,0.918,2.68
300,crocodile,0.7352,2.11
301,crocodile,0.7197,2.64
302,crocodile,0.7029,2.68
303,crocodile,0.6758,2.65
304,crocodile,0.6657,2.68
305,crocodile,0.6801,2.64
306,crocodile,0.6411,2.7
307,crocodile,0.6365,2.39
308,crocodile,0.679,2.14
309,crocodile,0.7095,2.61
310,crocodile,0.7321,2.73
311,crocodile,0.7101,2.69
312,crocodile,0.7039,2.69
313,crocodile,0.7025,2.73
314,crocodile,0.7191,2.74
315,crocodile,0.7378,2.65
316,crocodile,0.7079,2.71
317,crocodile,0.6461,2.59
318,crocodile,0.661,2.68
319,crocodile,0.6512,2.62
320,crocodile,0.6418,2.66
321,crocodile,0.6302,2.14
322,crocodile,0.6225,2.7
323,crocodile,0.6416,2.68
324,crocodile,0.6475,2.58
325,crocodile,0.6615,2.47
326,crocodile,0.7027,2.56
327,crocodile,0.6786,2.22
328,crocodile,0.6834,3.32
329,crocodile,0.6955,3.17
330,crocodile,0.7097,3.31
331,crocodile,0.7027,3.27
332,crocodile,0.6969,3.28
333,crocodile,0.6843,3.12
334,crocodile,0.7278,3.12
335,crocodile,0.7699,3.01
336,crocodile,0.7761,2.98
337,crocodile,0.8374,2.92
338,crocodile,0.806,2.87
339,crocodile,0.7775,2.88
340,crocodile,0.7735,2.63
341,crocodile,0.7848,2.25
342,crocodile,0.8026,2.66
343,crocodile,0.8061,2.61
344,crocodile,0.8427,2.67
345,crocodile,0.8435,2.63
346,crocodile,0.851,2.4
347,crocodile,0.8199,2.7
348,crocodile,0.795,2.47
349,crocodile,0.8052,2.16
350,crocodile,0.8273,2.63
351,crocodile,0.7901,2.63
352,crocodile,0.8088,2.71
353,crocodile,0.8146,2.59
354,crocodile,0.8076,2.69
355,crocodile,0.842,2.71
356,crocodile,0.8272,2.5
357,crocodile,0.8353,2.69
358,crocodile,0.8798,2.66
359,crocodile,0.8389,2.24
360,crocodile,0.741,2.04
361,crocodile,0.7889,3.37
362,crocodile,0.8076,3.31
363,crocodile,0.8233,3.3
364,crocodile,0.8525,3.32
365,crocodile,0.8779,3.27
366,crocodile,0.8949,3.03
367,crocodile,0.9395,2.68
368,crocodile,0.938,2.94
369,crocodile,0.9416,2.46
370,crocodile,0.9503,2.7
371,crocodile,0.9474,2.86
372,crocodile,0.9516,2.78
373,crocodile,0.9571,2.83
374,crocodile,0.9663,2.51
375,crocodile,0.9659,2.58
376,crocodile,0.9682,2.61
377,crocodile,0.9673,2.38
378,crocodile,0.9698,2.24
379,crocodile,0.9687,2.12
380,crocodile,0.9761,2.19
381,crocodile,0.9776,1.84
382,crocodile,0.9809,3.28
383,crocodile,0.9739,3.34
384,crocodile,0.9738,3.05
385,crocodile,0.9668,2.61
386,crocodile,0.5851,2.63
387,crocodile,0.578,2.2
388,crocodile,0.6322,2.19
389,crocodile,0.6184,2.64
390,crocodile,0.6476,2.65
391,crocodile,0.5942,2.68
392,crocodile,0.6289,2.56
393,crocodile,0.6337,2.73
394,crocodile,0.6409,2.69
395,crocodile,0.6106,2.67
396,crocodile,0.6381,2.63
397,crocodile,0.6435,2.7
398,crocodile,0.7108,2.55
399,crocodile,0.6774,2.06
400,crocodile,0.7064,2.65
401,crocodile,0.7475,2.74
402,crocodile,0.7946,2.72
403,crocodile,0.8208,2.7
404,crocodile,0.8149,2.67
405,crocodile,0.7802,2.56
406,crocodile,0.7822,2.64
407,crocodile,0.7865,2.62
408,crocodile,0.7761,2.55
409,crocodile,0.7814,2.31
410,crocodile,0.7872,1.87
411,crocodile,0.767,3.15
412,crocodile,0.7619,2.72
413,crocodile,0.7756,2.62
414,crocodile,0.7598,2.65
415,crocodile,0.7405,3.11
416,crocodile,0.7135,3.07
417,crocodile,0.6956,3.07
418,crocodile,0.7323,2.94
419,crocodile,0.7423,2.93
420,crocodile,0.7149,2.33
421,crocodile,0.7398,2.28
422,crocodile,0.7416,2.29
423,crocodile,0.7847,2.4
424,crocodile,0.7835,2.5
425,crocodile,0.8082,2.51
426,crocodile,0.8123,2.66
427,crocodile,0.8125,2.65
428,crocodile,0.8097,2.68
429,crocodile,0.7973,2.68
430,crocodile,0.7721,2.69
431,crocodile,0.7344,2.42
432,crocodile,0.6368,2.67
433,crocodile,0.6709,2.69
434,crocodile,0.6021,2.67
435,crocodile,0.5792,2.62
436,crocodile,0.6206,2.66
437,crocodile,0.5987,2.68
438,crocodile,0.7064,2.5
439,crocodile,0.7349,2.05
440,crocodile,0.7269,3.26
441,crocodile,0.757,3.24
442,crocodile,0.7121,3.27
443,crocodile,0.6696,3.4
444,crocodile,0.5993,3.29
445,crocodile,0.5375,2.44
446,crocodile,0.6058,3.02
447,crocodile,0.53,2.95
448,crocodile,0.6298,3.0
449,crocodile,0.6959,2.92
450,crocodile,0.6666,2.83
451,crocodile,0.6561,2.53
452,crocodile,0.6652,2.6
453,crocodile,0.7136,2.68
454,crocodile,0.7022,2.68
455,crocodile,0.6996,2.72
456,crocodile,0.6535,2.71
457,crocodile,0.6514,2.65
458,crocodile,0.612,2.66
459,non-crocodile,0.505,2.58
460,non-crocodile,0.5201,2.67
461,non-crocodile,0.5704,2.67
462,non-crocodile,0.6322,2.64
463,non-crocodile,0.6405,2.41
464,non-crocodile,0.6239,2.69
465,non-crocodile,0.6578,2.65
466,non-crocodile,0.647,2.66
467,non-crocodile,0.6768,2.13
468,non-crocodile,0.62,2.74
469,non-crocodile,0.5969,2.72
470,non-crocodile,0.6175,2.69
471,non-crocodile,0.5853,2.7
472,non-crocodile,0.5582,2.55
473,non-crocodile,0.5582,2.62
474,non-crocodile,0.5384,2.67
475,non-crocodile,0.6055,2.7
476,non-crocodile,0.7017,2.7
477,non-crocodile,0.7274,2.73
478,non-crocodile,0.7008,2.39
479,non-crocodile,0.6839,2.15
480,non-crocodile,0.6516,2.71
481,non-crocodile,0.5735,2.39
482,non-crocodile,0.5998,2.66
483,non-crocodile,0.6269,2.67
484,non-crocodile,0.647,2.69
485,non-crocodile,0.6119,2.54
486,non-crocodile,0.6088,2.69
487,non-crocodile,0.6209,2.68
488,non-crocodile,0.6264,2.66
489,non-crocodile,0.6152,2.69
490,non-crocodile,0.5718,2.69
491,non-crocodile,0.6271,2.72
492,non-crocodile,0.6481,2.67
493,non-crocodile,0.582,2.46
494,non-crocodile,0.5965,2.68
495,non-crocodile,0.5939,2.13
496,non-crocodile,0.5364,2.13
497,non-crocodile,0.5328,3.29
498,non-crocodile,0.5162,2.96
499,non-crocodile,0.535,2.64
500,non-crocodile,0.5611,2.63
501,non-crocodile,0.503,2.62
502,non-crocodile,0.5234,3.14
503,crocodile,0.5296,3.03
504,crocodile,0.5328,3.03
505,non-crocodile,0.5005,2.85
506,non-crocodile,0.5877,2.58
507,non-crocodile,0.5682,2.64
508,non-crocodile,0.5521,2.49
509,crocodile,0.5572,2.47
510,crocodile,0.5343,2.43
511,crocodile,0.5314,2.56
512,non-crocodile,0.5352,2.6
513,non-crocodile,0.5337,2.64
514,non-crocodile,0.6163,2.12
515,non-crocodile,0.6166,3.26
516,non-crocodile,0.5938,3.1
517,non-crocodile,0.5873,2.68
518,non-crocodile,0.5364,2.59
519,non-crocodile,0.5768,2.65
520,non-crocodile,0.5798,2.64
521,non-crocodile,0.534,3.03
522,non-crocodile,0.5991,2.5
523,non-crocodile,0.5887,2.45
524,non-crocodile,0.5331,2.88
525,crocodile,0.5237,2.91
526,crocodile,0.6275,2.85
527,non-crocodile,0.5732,2.52
528,non-crocodile,0.5341,2.59
529,non-crocodile,0.6525,2.66
530,non-crocodile,0.6896,2.65
531,non-crocodile,0.9027,2.67
532,non-crocodile,0.9567,2.71
533,non-crocodile,0.8891,2.66
534,non-crocodile,0.7937,2.59
535,non-crocodile,0.7018,2.65
536,non-crocodile,0.7106,2.63
537,non-crocodile,0.618,2.38
538,non-crocodile,0.5409,2.13
539,crocodile,0.5078,3.31
540,crocodile,0.5283,3.01
541,crocodile,0.5668,3.23
542,crocodile,0.588,3.35
543,crocodile,0.6114,3.01
544,crocodile,0.5762,2.34
545,crocodile,0.5838,2.18
546,crocodile,0.835,2.11
547,crocodile,0.8244,2.67
548,crocodile,0.8267,2.69
549,crocodile,0.8331,2.61
550,crocodile,0.8228,2.76
551,crocodile,0.8205,2.55
552,crocodile,0.8099,2.74
553,crocodile,0.8133,2.63
554,crocodile,0.8142,2.73
555,crocodile,0.8143,2.67
556,crocodile,0.8097,2.71
557,crocodile,0.8164,2.69
558,crocodile,0.8224,2.67
559,crocodile,0.8234,2.65
560,crocodile,0.8223,2.73
561,crocodile,0.8332,2.73
562,crocodile,0.829,2.65
563,crocodile,0.8345,2.67
564,crocodile,0.8316,2.09
565,crocodile,0.8413,2.69
566,crocodile,0.839,2.68
567,crocodile,0.8457,2.53
568,crocodile,0.8469,2.69
569,crocodile,0.8527,2.56
570,crocodile,0.8495,2.41
571,crocodile,0.8517,2.66
572,crocodile,0.8546,2.23
573,crocodile,0.8607,2.67
574,crocodile,0.8613,2.39
575,crocodile,0.8705,2.35
576,crocodile,0.8692,2.2
577,crocodile,0.8763,2.67
578,crocodile,0.8788,2.7
579,crocodile,0.8809,2.43
580,crocodile,0.8814,2.21
581,crocodile,0.8849,1.79
582,crocodile,0.8876,3.34
583,crocodile,0.8936,3.23
584,crocodile,0.8913,3.04
585,crocodile,0.8803,3.23
586,crocodile,0.8516,2.96
587,crocodile,0.8446,2.72
588,crocodile,0.8448,2.92
589,crocodile,0.8573,2.93
590,crocodile,0.8582,2.74
591,crocodile,0.8607,2.45
592,crocodile,0.8727,2.08
593,crocodile,0.882,2.56
594,crocodile,0.8851,2.66
595,crocodile,0.887,2.69
596,crocodile,0.8803,2.63
597,crocodile,0.8814,2.67
598,crocodile,0.8747,2.66
599,crocodile,0.8764,2.62
600,crocodile,0.8779,2.68
601,crocodile,0.875,2.61
602,crocodile,0.8724,2.44
603,crocodile,0.8781,2.44
604,crocodile,0.8783,2.22
605,crocodile,0.8809,2.63
606,crocodile,0.8583,2.24
607,crocodile,0.8442,2.31
608,crocodile,0.8262,2.65
609,crocodile,0.8372,2.47
610,crocodile,0.844,2.29
611,crocodile,0.8333,2.27
612,crocodile,0.8349,2.28
613,crocodile,0.853,2.22
614,crocodile,0.8375,2.71
615,crocodile,0.8459,2.33
616,crocodile,0.8352,2.66
617,crocodile,0.8319,2.64
618,crocodile,0.8264,2.69
619,crocodile,0.832,2.64
620,crocodile,0.83,2.68
621,crocodile,0.8294,2.63
622,crocodile,0.8138,2.66
623,crocodile,0.8248,2.6
624,crocodile,0.8371,2.69
625,crocodile,0.8355,2.67
626,crocodile,0.8372,2.37
627,crocodile,0.8327,2.14
628,crocodile,0.8346,2.95
629,crocodile,0.8358,3.3
630,crocodile,0.8431,3.29
631,crocodile,0.8371,3.24
632,crocodile,0.8347,3.3
633,crocodile,0.8396,3.11
634,crocodile,0.8401,3.04
635,crocodile,0.8195,3.1
636,crocodile,0.8113,3.03
637,crocodile,0.8035,2.95
638,crocodile,0.8028,2.95
639,crocodile,0.8069,2.89
640,crocodile,0.7986,2.89
641,crocodile,0.8045,2.58
642,crocodile,0.8086,2.59
643,crocodile,0.8093,2.18
644,crocodile,0.813,2.65
645,crocodile,0.8238,2.52
646,crocodile,0.8273,2.2
647,crocodile,0.8282,2.25
648,crocodile,0.8273,2.15
649,crocodile,0.8267,2.7
650,crocodile,0.831,2.74
651,crocodile,0.839,2.66
652,crocodile,0.8315,2.78
653,crocodile,0.8354,2.67
654,crocodile,0.8287,2.72
655,crocodile,0.8341,2.5
656,crocodile,0.833,2.24
657,crocodile,0.8207,2.28
658,crocodile,0.8153,2.71
659,crocodile,0.8133,2.18
660,crocodile,0.8098,2.64
661,crocodile,0.8027,2.69
662,crocodile,0.7934,2.63
663,crocodile,0.7823,2.66
664,crocodile,0.7934,2.61
665,crocodile,0.7829,2.16
666,crocodile,0.7992,2.69
667,crocodile,0.7787,2.64
668,crocodile,0.7795,2.52
669,crocodile,0.7984,2.67
670,crocodile,0.6819,2.67
671,crocodile,0.7458,2.74
672,crocodile,0.7629,2.46
673,crocodile,0.698,2.25
674,crocodile,0.6866,2.24
675,non-crocodile,0.5664,2.7
676,non-crocodile,0.6127,2.7
677,non-crocodile,0.6138,2.68
678,non-crocodile,0.5946,2.72
679,non-crocodile,0.5702,2.67
680,crocodile,0.5619,2.68
681,crocodile,0.6489,2.43
682,crocodile,0.6182,2.39
683,crocodile,0.643,2.15
684,crocodile,0.6116,2.48
685,crocodile,0.5902,2.25
686,crocodile,0.612,2.21
687,crocodile,0.6238,2.67
688,crocodile,0.6083,2.66
689,crocodile,0.6229,2.7
690,crocodile,0.6348,2.73
691,crocodile,0.6547,2.65
692,crocodile,0.6606,2.68
693,crocodile,0.6679,2.73
694,crocodile,0.6678,2.54
695,crocodile,0.682,2.66
696,crocodile,0.6832,2.55
697,crocodile,0.6806,2.71
698,crocodile,0.6747,2.68
699,crocodile,0.6829,2.4
700,crocodile,0.6826,2.04
701,crocodile,0.6938,2.55
702,crocodile,0.6964,3.23
703,crocodile,0.7015,3.3
704,crocodile,0.7156,3.34
705,crocodile,0.7087,3.29
706,crocodile,0.7714,2.69
707,crocodile,0.7621,2.4
708,crocodile,0.7566,2.71
709,crocodile,0.7691,2.63
710,crocodile,0.7664,2.67
711,crocodile,0.7632,2.64
712,crocodile,0.7503,2.57
713,crocodile,0.7496,2.67
714,crocodile,0.7203,1.95
715,crocodile,0.6804,2.68
716,crocodile,0.6285,2.68
717,crocodile,0.624,2.5
718,crocodile,0.6274,2.18
719,crocodile,0.6283,2.3
720,crocodile,0.6361,2.73
721,crocodile,0.642,2.7
722,crocodile,0.649,2.25
723,crocodile,0.6514,2.7
724,crocodile,0.6572,2.62
725,crocodile,0.8606,2.69
726,crocodile,0.8608,2.65
727,crocodile,0.8619,2.64
728,crocodile,0.8612,2.7
729,crocodile,0.8636,2.67
730,crocodile,0.8646,2.66
731,crocodile,0.865,2.63
732,crocodile,0.8683,2.38
733,crocodile,0.8639,2.23
734,crocodile,0.8574,2.24
735,crocodile,0.8542,2.32
736,crocodile,0.8549,2.21
737,crocodile,0.8546,2.27
738,crocodile,0.8538,2.23
739,crocodile,0.8538,2.61
740,crocodile,0.8508,2.11
741,crocodile,0.8492,3.17
742,crocodile,0.8501,3.3
743,crocodile,0.843,2.68
744,crocodile,0.8495,2.63
745,crocodile,0.851,2.55
746,crocodile,0.8463,2.71
747,crocodile,0.8514,2.68
748,crocodile,0.8511,2.69
749,crocodile,0.8473,2.63
750,crocodile,0.8419,2.71
751,crocodile,0.8453,2.65
752,crocodile,0.8461,2.73
753,crocodile,0.8566,2.72
754,crocodile,0.8657,2.42
755,crocodile,0.9042,2.26
756,crocodile,0.9133,2.22
757,crocodile,0.8916,2.25
758,crocodile,0.8708,2.15
759,crocodile,0.8649,2.67
760,crocodile,0.8664,2.29
761,crocodile,0.8621,2.7
762,crocodile,0.8708,2.7
763,crocodile,0.8663,2.67
764,crocodile,0.8655,2.64
765,crocodile,0.8598,2.71
766,crocodile,0.8504,2.61
767,crocodile,0.8551,2.68
768,crocodile,0.8502,2.64
769,crocodile,0.8302,2.68
770,crocodile,0.834,2.73
771,crocodile,0.8325,2.38
772,crocodile,0.8316,2.22
773,crocodile,0.8291,2.29
774,crocodile,0.8372,2.59
775,crocodile,0.8318,2.12
776,crocodile,0.8331,2.03
777,crocodile,0.8391,3.16
778,crocodile,0.8368,3.27
779,crocodile,0.8332,3.31
780,crocodile,0.8276,3.24
781,crocodile,0.8308,3.24
782,crocodile,0.8316,2.52
783,crocodile,0.8277,2.41
784,crocodile,0.8363,2.41
785,crocodile,0.8387,2.45
786,crocodile,0.8327,2.78
787,crocodile,0.8264,2.3
788,crocodile,0.8307,2.26
789,crocodile,0.831,2.15
790,crocodile,0.8275,2.12
791,crocodile,0.8279,2.17
792,crocodile,0.827,2.19
793,crocodile,0.8402,2.18
794,crocodile,0.8287,2.58
795,crocodile,0.8486,2.1
796,crocodile,0.8578,2.64
797,crocodile,0.8477,2.47
798,crocodile,0.8379,2.29
799,crocodile,0.8541,2.26
800,crocodile,0.8488,2.29
801,crocodile,0.8418,2.32
802,crocodile,0.8468,2.64
803,crocodile,0.8473,2.4
804,crocodile,0.8303,2.46
805,crocodile,0.8277,2.23
806,crocodile,0.8469,2.22
807,crocodile,0.847,2.09
808,crocodile,0.8236,2.2
809,crocodile,0.8254,2.18
810,crocodile,0.8342,2.35
811,crocodile,0.8324,2.69
812,crocodile,0.8255,2.66
813,crocodile,0.8449,2.51
814,crocodile,0.8502,2.18
815,crocodile,0.859,2.18
816,crocodile,0.8592,2.68
817,crocodile,0.8594,2.66
818,crocodile,0.8573,2.66
819,crocodile,0.8513,2.23
820,crocodile,0.8603,2.14
821,crocodile,0.8564,2.24
822,crocodile,0.8487,2.26
823,crocodile,0.8577,2.68
824,crocodile,0.8554,2.65
825,crocodile,0.8585,2.63
826,crocodile,0.8656,2.22
827,crocodile,0.8654,2.17
828,crocodile,0.867,2.61
829,crocodile,0.8703,2.19
830,crocodile,0.8696,2.5
831,crocodile,0.8697,2.54
832,crocodile,0.8615,2.59
833,crocodile,0.8717,2.63
834,crocodile,0.8685,2.71
835,crocodile,0.8605,2.71
836,crocodile,0.8584,2.69
837,crocodile,0.8567,2.6
838,crocodile,0.8551,2.65
839,crocodile,0.8575,2.62
840,crocodile,0.8529,2.72
841,crocodile,0.6745,2.67
842,crocodile,0.69,2.64
843,crocodile,0.6934,2.66
844,crocodile,0.6962,2.62
845,crocodile,0.6973,2.43
846,crocodile,0.6893,2.13
847,crocodile,0.679,2.86
848,crocodile,0.6797,2.75
849,crocodile,0.6754,2.89
850,crocodile,0.6724,3.27
851,crocodile,0.6762,3.33
852,crocodile,0.6748,3.03
853,crocodile,0.6757,3.07
854,crocodile,0.6783,3.04
855,crocodile,0.6863,2.93
856,crocodile,0.6863,2.95
857,crocodile,0.6835,2.9
858,crocodile,0.6846,2.79
859,crocodile,0.6828,2.61
860,crocodile,0.6838,2.45
861,crocodile,0.6809,2.44
862,crocodile,0.6808,2.62
863,crocodile,0.6886,2.62
864,crocodile,0.6957,2.72
865,crocodile,0.7014,2.66
866,crocodile,0.6929,2.33
867,crocodile,0.6939,2.59
868,crocodile,0.6905,2.68
869,crocodile,0.6901,2.7
870,crocodile,0.6905,2.7
871,crocodile,0.672,2.54
872,crocodile,0.6798,2.12
873,crocodile,0.6722,2.26
874,crocodile,0.6715,2.55
875,crocodile,0.6722,2.22
876,crocodile,0.6738,1.81
877,crocodile,0.6748,2.64
878,crocodile,0.6749,2.65
879,crocodile,0.6702,2.62
880,crocodile,0.6767,2.67
881,crocodile,0.674,2.51
882,crocodile,0.6754,2.96
883,crocodile,0.6753,2.89
884,crocodile,0.6868,2.35
885,crocodile,0.697,2.15
886,crocodile,0.6984,2.22
887,crocodile,0.701,2.16
888,crocodile,0.6983,2.21
889,crocodile,0.6988,2.18
890,crocodile,0.6983,2.26
891,crocodile,0.6993,2.28
892,crocodile,0.6982,2.69
893,crocodile,0.699,2.65
894,crocodile,0.6984,2.7
895,crocodile,0.7003,2.66
896,crocodile,0.6997,2.46
897,crocodile,0.7013,2.58
898,crocodile,0.704,2.62
899,crocodile,0.7027,2.72
900,crocodile,0.7024,2.66
901,crocodile,0.7007,2.62
902,crocodile,0.7095,2.67
903,crocodile,0.7103,2.68
904,crocodile,0.7337,2.67
905,crocodile,0.7446,2.68
906,crocodile,0.7366,2.68
907,crocodile,0.7209,2.58
908,crocodile,0.7659,2.74
909,crocodile,0.7684,2.56
910,crocodile,0.7729,2.66
911,crocodile,0.7729,2.7
912,crocodile,0.778,2.51
913,crocodile,0.7867,2.59
914,crocodile,0.7933,2.64
915,crocodile,0.7888,2.71
916,crocodile,0.7875,2.72
917,crocodile,0.7885,2.65
918,crocodile,0.7888,2.22
919,crocodile,0.7904,1.84
920,crocodile,0.789,2.66
921,crocodile,0.7897,2.58
922,non-crocodile,0.8489,2.47
923,non-crocodile,0.8752,3.28
924,non-crocodile,0.9031,2.72
925,non-crocodile,0.906,2.71
926,non-crocodile,0.9083,2.25
927,non-crocodile,0.9194,2.28
928,non-crocodile,0.9423,2.22
929,non-crocodile,0.9571,2.21
930,non-crocodile,0.9705,2.24
931,non-crocodile,0.9783,2.14
932,non-crocodile,0.9765,2.69
933,non-crocodile,0.9817,2.76
934,non-crocodile,0.975,2.54
935,non-crocodile,0.9801,2.7
936,non-crocodile,0.9561,2.74
937,non-crocodile,0.8817,2.7
938,non-crocodile,0.8176,2.45
939,non-crocodile,0.8677,2.49
940,non-crocodile,0.8717,2.45
941,non-crocodile,0.8766,2.63
942,non-crocodile,0.9394,2.62
943,non-crocodile,0.975,2.59
944,non-crocodile,0.9915,2.09
945,non-crocodile,0.9987,2.24
946,non-crocodile,0.9994,2.64
947,non-crocodile,0.9998,2.65
948,non-crocodile,0.9997,2.44
949,non-crocodile,0.9992,2.28
950,non-crocodile,0.9987,2.18
951,non-crocodile,0.9964,2.23
952,non-crocodile,0.9852,2.23
953,non-crocodile,0.9661,2.77
954,non-crocodile,0.9307,2.67
955,non-crocodile,0.8441,2.65
956,non-crocodile,0.6558,2.21
957,non-crocodile,0.6929,2.15
958,non-crocodile,0.6206,2.11
959,non-crocodile,0.6771,2.23
960,non-crocodile,0.6478,2.66
961,non-crocodile,0.6597,2.67
962,non-crocodile,0.6208,2.69
963,non-crocodile,0.6378,2.74
964,non-crocodile,0.62,2.71
965,non-crocodile,0.6309,2.7
966,non-crocodile,0.5483,2.63
967,non-crocodile,0.5039,2.66
968,non-crocodile,0.5483,2.69
969,crocodile,0.5358,2.67
970,crocodile,0.6309,2.7
971,crocodile,0.6797,2.57
972,crocodile,0.6559,2.64
973,crocodile,0.6631,2.69
974,crocodile,0.6513,2.63
975,crocodile,0.6457,2.64
976,crocodile,0.6572,2.69
977,crocodile,0.6134,2.62
978,crocodile,0.5749,2.71
979,crocodile,0.559,2.64
980,crocodile,0.537,2.7
981,crocodile,0.5369,2.68
982,crocodile,0.5088,2.6
983,crocodile,0.5167,2.69
984,crocodile,0.5369,2.65
985,crocodile,0.5518,2.11
986,crocodile,0.5699,2.67
987,crocodile,0.6011,2.5
988,crocodile,0.625,2.65
989,crocodile,0.6275,2.24
990,crocodile,0.6244,2.25
991,crocodile,0.6094,2.27
992,crocodile,0.6372,2.66
993,crocodile,0.6127,2.67
994,crocodile,0.5986,2.57
995,crocodile,0.5975,2.75
996,crocodile,0.591,2.69
997,crocodile,0.5837,2.24
998,crocodile,0.5685,2.19
999,crocodile,0.569,2.68
1000,crocodile,0.5614,2.69
1001,crocodile,0.5616,2.59
1002,crocodile,0.559,2.7
1003,crocodile,0.5495,2.74
1004,crocodile,0.5478,2.61
1005,crocodile,0.5464,2.7
1006,crocodile,0.5583,2.64
1007,crocodile,0.5544,2.72
1008,crocodile,0.5475,2.71
1009,crocodile,0.5583,2.56
1010,crocodile,0.5489,2.19
1011,crocodile,0.5428,2.43
1012,crocodile,0.5297,2.7
1013,crocodile,0.5297,2.61
1014,crocodile,0.5387,2.49
1015,crocodile,0.5383,2.27
1016,crocodile,0.5291,2.18
1017,crocodile,0.5367,2.19
1018,crocodile,0.5415,2.2
1019,crocodile,0.5472,2.25
1020,crocodile,0.5394,2.13
1021,crocodile,0.5348,2.12
1022,crocodile,0.5293,2.2
1023,crocodile,0.5397,2.2
1024,crocodile,0.5403,2.66
1025,crocodile,0.5415,2.6
1026,crocodile,0.5446,2.69
1027,crocodile,0.5533,2.63
1028,crocodile,0.5506,2.65
1029,crocodile,0.5577,2.7
1030,crocodile,0.5652,2.33
1031,crocodile,0.5722,2.15
1032,crocodile,0.8535,2.04
1033,crocodile,0.8539,2.14
1034,crocodile,0.8528,2.26
1035,crocodile,0.8548,2.67
1036,crocodile,0.8555,2.26
1037,crocodile,0.8526,2.26
1038,crocodile,0.853,2.67
1039,crocodile,0.8543,2.4
1040,crocodile,0.8541,2.2
1041,crocodile,0.8539,2.25
1042,crocodile,0.8547,2.75
1043,crocodile,0.8553,2.71
1044,crocodile,0.8558,2.71
1045,crocodile,0.8585,2.72
1046,crocodile,0.8524,2.58
1047,crocodile,0.8626,2.29
1048,crocodile,0.865,2.09
1049,crocodile,0.8638,2.68
1050,crocodile,0.8634,2.75
1051,crocodile,0.8485,2.57
1052,crocodile,0.8562,2.77
1053,crocodile,0.8565,2.28
1054,crocodile,0.8481,2.64
1055,crocodile,0.8426,2.73
1056,crocodile,0.8412,2.59
1057,crocodile,0.8392,2.28
1058,crocodile,0.8389,2.15
1059,crocodile,0.8384,2.23
1060,crocodile,0.8391,2.27
1061,crocodile,0.8393,2.24
1062,crocodile,0.8523,2.25
1063,crocodile,0.8566,2.31
1064,crocodile,0.8544,2.67
1065,crocodile,0.8529,2.65
1066,crocodile,0.8532,2.65
1067,crocodile,0.8531,2.1
1068,crocodile,0.8525,2.73
1069,crocodile,0.8521,2.7
1070,crocodile,0.8532,2.66
1071,crocodile,0.8526,2.72
1072,crocodile,0.8526,2.65
1073,crocodile,0.8532,2.68
1074,crocodile,0.8524,2.73
1075,crocodile,0.8525,2.66
1076,crocodile,0.8522,2.67
1077,crocodile,0.8521,2.69
1078,crocodile,0.852,2.53
1079,crocodile,0.8527,2.68
1080,crocodile,0.8522,2.59
1081,crocodile,0.8524,2.21
1082,crocodile,0.8527,2.17
1083,crocodile,0.8534,2.45
1084,crocodile,0.8543,2.71
1085,crocodile,0.8526,2.6
1086,crocodile,0.8526,2.24
1087,crocodile,0.8527,2.17
1088,crocodile,0.8538,2.21
1089,crocodile,0.8616,2.64
1090,crocodile,0.8682,2.66
1091,crocodile,0.8807,2.68
1092,crocodile,0.8956,2.66
1093,crocodile,0.8927,2.27
1094,crocodile,0.8936,2.58
1095,crocodile,0.8952,2.69
1096,crocodile,0.8486,2.71
1097,crocodile,0.8473,2.64
1098,crocodile,0.8456,2.13
1099,crocodile,0.8455,2.64
1100,crocodile,0.8459,2.69
1101,crocodile,0.8438,2.57
1102,crocodile,0.8437,2.68
1103,crocodile,0.8423,2.69
1104,crocodile,0.8416,2.56
1105,crocodile,0.8418,2.13
1106,crocodile,0.8408,2.7
1107,crocodile,0.8394,2.51
1108,crocodile,0.8385,2.64
1109,crocodile,0.8378,2.67
1110,crocodile,0.8383,2.69
1111,crocodile,0.8387,2.67
1112,crocodile,0.8389,2.69
1113,crocodile,0.8391,2.71
1114,crocodile,0.8404,2.7
1115,crocodile,0.8418,2.29
1116,crocodile,0.8426,2.63
1117,crocodile,0.8428,2.7
1118,crocodile,0.8434,2.67
1119,crocodile,0.8447,2.66
1120,crocodile,0.845,2.57
1121,crocodile,0.8439,2.69
1122,crocodile,0.8436,2.64
1123,crocodile,0.8421,2.72
1124,crocodile,0.8416,2.68
1125,crocodile,0.8413,2.49
1126,crocodile,0.8416,2.72
1127,crocodile,0.8421,2.69
1128,crocodile,0.841,2.73
1129,crocodile,0.8405,2.71
1130,crocodile,0.8409,2.55
1131,crocodile,0.8431,2.49
1132,crocodile,0.8429,2.09
1133,crocodile,0.8439,2.71
1134,crocodile,0.8436,2.7
1135,crocodile,0.8438,2.62
1136,crocodile,0.8434,2.21
1137,crocodile,0.8425,2.21
1138,crocodile,0.8423,2.21
1139,crocodile,0.8422,2.23
1140,crocodile,0.8415,2.69
1141,crocodile,0.8418,2.69
1142,crocodile,0.8412,2.45
1143,crocodile,0.8422,2.28
1144,crocodile,0.8437,2.24
1145,crocodile,0.8438,2.74
1146,crocodile,0.8439,2.73
1147,crocodile,0.8443,2.64
1148,crocodile,0.844,1.84
1149,crocodile,0.8413,2.14
1150,crocodile,0.8395,2.65
1151,crocodile,0.8391,2.67
1152,crocodile,0.8385,2.71
1153,crocodile,0.8382,2.68
1154,crocodile,0.8381,2.65
1155,crocodile,0.8377,2.1
1156,crocodile,0.8385,2.54
1157,crocodile,0.8389,2.71
1158,crocodile,0.841,2.2
1159,crocodile,0.8423,2.23
1160,crocodile,0.8435,2.26
1161,crocodile,0.8432,2.7
1162,crocodile,0.8437,2.65
1163,crocodile,0.8421,2.67
1164,crocodile,0.841,2.67
1165,crocodile,0.8395,2.12
1166,crocodile,0.8396,2.68
1167,crocodile,0.8381,2.66
1168,crocodile,0.8379,2.68
1169,crocodile,0.837,2.69
1170,crocodile,0.8367,2.68
1171,crocodile,0.8345,2.46
1172,crocodile,0.8353,2.13
1173,crocodile,0.8342,2.51
1174,crocodile,0.8338,2.73
1175,crocodile,0.8334,2.18
1176,crocodile,0.8343,2.2
1177,crocodile,0.8359,2.23
1178,crocodile,0.8368,2.62
1179,crocodile,0.8383,2.65
1180,crocodile,0.8383,2.57
1181,crocodile,0.8389,2.26
1182,crocodile,0.8389,2.23
1183,crocodile,0.8386,2.15
1184,crocodile,0.8385,2.26
1185,crocodile,0.8385,2.64
1186,crocodile,0.838,2.69
1187,crocodile,0.8378,2.54
1188,crocodile,0.8394,2.73
1189,crocodile,0.8404,2.68
1190,crocodile,0.8409,2.19
1191,crocodile,0.8408,2.25
1192,crocodile,0.8407,2.58
1193,crocodile,0.8407,2.69
1194,crocodile,0.8411,2.61
1195,crocodile,0.8409,2.68
1196,crocodile,0.8415,2.47
1197,crocodile,0.8401,2.42
1198,crocodile,0.839,2.66
1199,crocodile,0.837,2.23
1200,crocodile,0.8351,2.23
1201,crocodile,0.8353,2.19
1202,crocodile,0.8352,2.27
1203,crocodile,0.8347,2.26
1204,crocodile,0.8344,2.28
1205,crocodile,0.8354,2.25
1206,crocodile,0.8374,2.22
1207,crocodile,0.8381,2.72
1208,crocodile,0.8413,2.42
1209,crocodile,0.8417,2.62
1210,crocodile,0.8414,2.69
1211,crocodile,0.8413,2.1
1212,crocodile,0.842,2.67
1213,crocodile,0.8421,2.61
1214,crocodile,0.8421,2.56
1215,non-crocodile,0.7142,2.49
1216,non-crocodile,0.7116,2.69
1217,non-crocodile,0.7142,2.7
1218,non-crocodile,0.7141,2.67
1219,non-crocodile,0.692,2.72
1220,non-crocodile,0.7003,2.72
1221,non-crocodile,0.713,2.52
1222,non-crocodile,0.6655,2.67
1223,non-crocodile,0.7114,2.66
1224,non-crocodile,0.7372,2.68
1225,non-crocodile,0.7455,2.67
1226,non-crocodile,0.7324,2.58
1227,non-crocodile,0.7286,2.69
1228,non-crocodile,0.7282,2.61
1229,non-crocodile,0.7312,2.69
1230,non-crocodile,0.7419,2.69
1231,non-crocodile,0.7387,2.53
1232,non-crocodile,0.7397,2.25
1233,non-crocodile,0.7387,2.24
1234,non-crocodile,0.7308,2.2
1235,non-crocodile,0.7339,2.66
1236,non-crocodile,0.7317,2.69
1237,non-crocodile,0.729,2.67
1238,non-crocodile,0.7295,2.68
1239,non-crocodile,0.7295,2.71
1240,non-crocodile,0.7298,2.7
1241,non-crocodile,0.7238,2.6
1242,non-crocodile,0.7272,2.7
1243,non-crocodile,0.7263,2.62
1244,non-crocodile,0.7255,2.7
1245,non-crocodile,0.7253,2.73
1246,non-crocodile,0.725,2.58
1247,non-crocodile,0.7275,2.37
1248,non-crocodile,0.7221,2.7
1249,non-crocodile,0.7271,2.71
1250,non-crocodile,0.7246,2.67
1251,non-crocodile,0.7228,2.57
1252,non-crocodile,0.7262,2.72
1253,non-crocodile,0.7246,2.25
1254,non-crocodile,0.7312,2.29
1255,non-crocodile,0.7359,2.7
1256,non-crocodile,0.7407,2.54
1257,non-crocodile,0.7522,2.29
1258,crocodile,0.879,2.25
1259,crocodile,0.9001,2.28
1260,crocodile,0.8883,2.21
1261,crocodile,0.9065,2.3
1262,crocodile,0.9193,2.3
1263,crocodile,0.9306,2.66
1264,crocodile,0.9219,2.65
1265,crocodile,0.9216,2.66
1266,crocodile,0.9256,2.67
1267,crocodile,0.928,2.7
1268,crocodile,0.9231,2.35
1269,crocodile,0.9262,2.14
1270,crocodile,0.9003,3.28
1271,crocodile,0.8855,3.29
1272,crocodile,0.8818,3.37
1273,crocodile,0.9034,2.92
1274,crocodile,0.9058,3.3
1275,crocodile,0.9225,3.06
1276,crocodile,0.9211,2.99
1277,crocodile,0.9019,3.09
1278,crocodile,0.8986,3.0
1279,crocodile,0.9111,2.8
1280,crocodile,0.9152,2.39
1281,crocodile,0.9235,2.31
1282,crocodile,0.9204,2.31
1283,crocodile,0.9297,2.09
1284,crocodile,0.9311,2.23
1285,crocodile,0.9287,2.59
1286,crocodile,0.9175,2.35
1287,crocodile,0.9205,2.62
1288,crocodile,0.9125,2.62
1289,crocodile,0.9043,2.25
1290,crocodile,0.9035,2.71
1291,crocodile,0.9042,2.69
1292,crocodile,0.915,2.63
1293,crocodile,0.891,2.64
1294,crocodile,0.9242,2.7
1295,crocodile,0.8419,2.66
1296,crocodile,0.8111,2.68
1297,crocodile,0.8799,2.69
1298,crocodile,0.8705,2.64
1299,crocodile,0.8686,2.41
1300,crocodile,0.9121,2.11
1301,crocodile,0.8996,2.66
1302,crocodile,0.8812,2.74
1303,crocodile,0.8988,2.67
1304,crocodile,0.8834,2.55
1305,crocodile,0.9014,2.59
1306,crocodile,0.9082,2.63
1307,crocodile,0.9103,2.72
1308,crocodile,0.9256,2.68
1309,crocodile,0.9262,2.71
1310,crocodile,0.9185,2.75
1311,crocodile,0.9178,2.63
1312,crocodile,0.9075,2.53
1313,crocodile,0.9245,2.69
1314,crocodile,0.937,2.68
1315,crocodile,0.9425,2.65
1316,crocodile,0.947,2.03
1317,crocodile,0.9299,2.69
1318,crocodile,0.9195,2.65
1319,crocodile,0.8911,2.66
1320,crocodile,0.8475,2.7
1321,crocodile,0.8291,2.71
1322,crocodile,0.8173,2.73
1323,crocodile,0.8464,2.64
1324,crocodile,0.8635,2.67
1325,crocodile,0.889,2.54
1326,crocodile,0.9084,2.04
1327,crocodile,0.9129,2.73
1328,crocodile,0.9029,2.66
1329,crocodile,0.9195,2.73
1330,crocodile,0.9233,2.69
1331,crocodile,0.9345,2.7
1332,crocodile,0.9137,2.69
1333,crocodile,0.9333,2.66
1334,crocodile,0.9362,2.7
1335,crocodile,0.9243,2.7
1336,crocodile,0.909,2.57
1337,crocodile,0.8551,2.68
1338,crocodile,0.6827,2.39
1339,crocodile,0.5616,2.67
1340,crocodile,0.6614,2.66
1341,crocodile,0.6065,2.58
1342,crocodile,0.6324,2.68
1343,crocodile,0.5185,2.1
1344,crocodile,0.5514,2.66
1345,crocodile,0.6545,2.65
1346,crocodile,0.7152,2.68
1347,crocodile,0.7092,2.67
1348,crocodile,0.7414,2.67
1349,crocodile,0.7809,2.47
1350,crocodile,0.7638,2.14
1351,crocodile,0.7774,2.81
1352,crocodile,0.6736,3.29
1353,crocodile,0.7015,3.27
1354,crocodile,0.7237,3.23
1355,crocodile,0.7087,3.32
1356,crocodile,0.6939,2.66
1357,crocodile,0.7944,2.64
1358,crocodile,0.6718,2.69
1359,crocodile,0.6428,2.5
1360,crocodile,0.6856,2.71
1361,crocodile,0.6601,2.64
1362,crocodile,0.6905,2.22
1363,crocodile,0.7496,2.24
1364,crocodile,0.7508,2.7
1365,crocodile,0.7042,2.65
1366,crocodile,0.7326,2.69
1367,crocodile,0.7205,2.67
1368,crocodile,0.7869,2.48
1369,crocodile,0.7555,2.1
1370,crocodile,0.7845,3.33
1371,crocodile,0.7707,3.21
1372,crocodile,0.7074,3.33
1373,crocodile,0.7043,3.29
1374,crocodile,0.7043,3.25
1375,crocodile,0.5524,3.11
1376,crocodile,0.6659,3.11
1377,crocodile,0.7338,2.96
1378,crocodile,0.8407,3.0
1379,crocodile,0.84,2.8
1380,crocodile,0.8402,2.75
1381,crocodile,0.8789,2.84
1382,crocodile,0.836,2.85
1383,crocodile,0.8709,2.52
1384,crocodile,0.8567,2.56
1385,crocodile,0.8732,2.56
1386,crocodile,0.8584,2.58
1387,crocodile,0.8037,2.57
1388,crocodile,0.7311,2.42
1389,crocodile,0.7524,2.53
1390,crocodile,0.6975,2.03
1391,crocodile,0.6641,3.32
1392,crocodile,0.7645,3.05
1393,crocodile,0.7807,3.15
1394,crocodile,0.8276,3.26
1395,crocodile,0.6871,2.64
1396,crocodile,0.7445,2.51
1397,crocodile,0.7754,3.04
1398,crocodile,0.7064,3.02
1399,crocodile,0.6962,3.01
1400,crocodile,0.5921,2.95
1401,crocodile,0.5705,2.73
1402,crocodile,0.6308,2.16
1403,crocodile,0.5879,2.21
1404,crocodile,0.6369,2.67
1405,crocodile,0.6301,2.58
1406,crocodile,0.7323,2.39
1407,crocodile,0.7097,2.53
1408,crocodile,0.6718,2.6
1409,crocodile,0.6337,2.12
1410,crocodile,0.6612,3.29
1411,crocodile,0.6683,3.13
1412,crocodile,0.6048,2.63
1413,crocodile,0.5745,2.63
1414,crocodile,0.5414,2.68
1415,crocodile,0.54,2.55
1416,crocodile,0.5562,3.06
1417,crocodile,0.5721,2.99
1418,crocodile,0.5711,2.63
1419,crocodile,0.5551,2.65
1420,crocodile,0.5582,2.67
1421,crocodile,0.5802,2.7
1422,crocodile,0.6177,2.68
1423,crocodile,0.6588,2.63
1424,crocodile,0.6671,2.58
1425,crocodile,0.6994,2.65
1426,crocodile,0.6613,2.65
1427,crocodile,0.6824,2.36
1428,crocodile,0.6992,2.14
1429,crocodile,0.7063,3.31
1430,crocodile,0.6929,3.32
1431,crocodile,0.6826,3.29
1432,crocodile,0.6919,3.04
1433,crocodile,0.7119,3.32
1434,crocodile,0.7029,2.64
1435,crocodile,0.6988,2.7
1436,crocodile,0.7219,2.67
1437,crocodile,0.7361,2.51
1438,crocodile,0.7061,2.72
1439,crocodile,0.7386,2.63
1440,crocodile,0.7492,2.7
1441,crocodile,0.6949,2.69
1442,crocodile,0.7084,2.64
1443,crocodile,0.7449,2.68
1444,crocodile,0.7518,2.69
1445,crocodile,0.7733,2.63
1446,crocodile,0.7734,2.71
1447,crocodile,0.7901,2.67
1448,crocodile,0.7763,2.62
1449,crocodile,0.7827,2.68
1450,crocodile,0.6494,2.46
1451,crocodile,0.6518,2.21
1452,crocodile,0.6568,2.25
1453,crocodile,0.6629,2.22
1454,crocodile,0.6611,2.2
1455,crocodile,0.6472,2.24
1456,crocodile,0.6303,2.17
1457,crocodile,0.6292,2.32
1458,crocodile,0.5939,2.69
1459,crocodile,0.6247,2.44
1460,crocodile,0.6645,2.27
1461,crocodile,0.5939,2.2
1462,crocodile,0.6409,2.76
1463,crocodile,0.6431,2.66
1464,crocodile,0.6184,2.69
1465,crocodile,0.5449,2.26
1466,crocodile,0.5525,2.66
1467,crocodile,0.6768,2.27
1468,crocodile,0.6522,2.63
1469,crocodile,0.6401,2.69
1470,crocodile,0.6769,2.48
1471,crocodile,0.6512,2.59
1472,crocodile,0.663,2.29
1473,crocodile,0.6639,2.21
1474,crocodile,0.6752,2.25
1475,crocodile,0.6417,2.23
1476,crocodile,0.634,2.21
1477,crocodile,0.6116,2.67
1478,crocodile,0.576,2.65
1479,crocodile,0.5563,2.71
1480,crocodile,0.5965,2.64
1481,crocodile,0.6185,2.67
1482,crocodile,0.6205,2.03
1483,crocodile,0.6388,2.67
1484,crocodile,0.6525,2.7
1485,crocodile,0.6562,2.63
1486,crocodile,0.6587,2.22
1487,crocodile,0.6543,2.19
1488,crocodile,0.6666,2.68
1489,crocodile,0.659,2.7
1490,crocodile,0.6617,2.63
1491,crocodile,0.6637,2.21
1492,crocodile,0.6672,2.13
1493,crocodile,0.6401,2.47
1494,crocodile,0.5914,2.46
1495,crocodile,0.5388,2.69
1496,crocodile,0.5662,2.7
1497,crocodile,0.5698,2.68
1498,non-crocodile,0.5144,2.71
1499,non-crocodile,0.5026,2.68
1500,non-crocodile,0.5076,2.64
1501,crocodile,0.5915,2.62
1502,crocodile,0.5703,2.63
1503,crocodile,0.5399,2.7
1504,crocodile,0.5519,2.65
1505,crocodile,0.5859,2.64
1506,crocodile,0.5852,2.69
1507,crocodile,0.5925,2.04
1508,crocodile,0.6043,2.23
1509,crocodile,0.6132,2.22
1510,crocodile,0.6199,2.73
1511,crocodile,0.6159,2.74
1512,crocodile,0.6073,2.62
1513,crocodile,0.5876,2.67
1514,crocodile,0.5456,2.61
1515,non-crocodile,0.5001,2.62
1516,non-crocodile,0.5303,2.69
1517,crocodile,0.5254,2.51
1518,crocodile,0.5309,2.69
1519,crocodile,0.5293,2.62
1520,non-crocodile,0.5056,2.26
1521,non-crocodile,0.5417,2.26
1522,crocodile,0.5192,2.7
1523,crocodile,0.6792,2.69
1524,crocodile,0.6833,2.65
1525,crocodile,0.6534,2.72
1526,crocodile,0.6957,2.68
1527,crocodile,0.6921,2.38
1528,crocodile,0.6603,2.7
1529,crocodile,0.6662,2.64
1530,crocodile,0.6257,2.7
1531,crocodile,0.6398,2.67
1532,crocodile,0.643,2.37
1533,crocodile,0.6589,2.1
1534,crocodile,0.657,3.29
1535,crocodile,0.6666,3.33
1536,crocodile,0.6897,3.31
1537,crocodile,0.6784,3.01
1538,crocodile,0.6675,3.27
1539,crocodile,0.6591,3.17
1540,crocodile,0.6472,3.01
1541,crocodile,0.6442,3.05
1542,crocodile,0.6216,2.98
1543,crocodile,0.6169,2.99
1544,crocodile,0.6579,2.9
1545,crocodile,0.655,2.86
1546,crocodile,0.6739,2.53
1547,crocodile,0.7095,2.48
1548,crocodile,0.7159,2.52
1549,crocodile,0.692,2.54
1550,crocodile,0.7104,2.48
1551,crocodile,0.711,2.39
1552,crocodile,0.7029,2.57
1553,crocodile,0.7056,2.62
1554,crocodile,0.7085,2.15
1555,crocodile,0.7214,3.26
1556,crocodile,0.73,2.96
1557,crocodile,0.7265,2.56
1558,crocodile,0.7248,2.54
1559,crocodile,0.7331,2.54
1560,crocodile,0.7158,2.28
1561,crocodile,0.7015,2.71
1562,crocodile,0.7222,2.9
1563,crocodile,0.7067,2.85
1564,crocodile,0.7156,2.83
1565,crocodile,0.6999,2.81
1566,crocodile,0.7105,2.59
1567,crocodile,0.7264,2.17
1568,crocodile,0.7457,2.19
1569,crocodile,0.7437,2.59
1570,crocodile,0.7493,2.64
1571,crocodile,0.7596,2.63
1572,crocodile,0.7767,2.71
1573,crocodile,0.7707,2.32
1574,crocodile,0.7569,2.25
1575,crocodile,0.7658,2.59
1576,crocodile,0.7662,2.69
1577,crocodile,0.7694,2.71
1578,crocodile,0.767,2.65
1579,crocodile,0.7668,2.29
1580,crocodile,0.7551,2.66
1581,crocodile,0.7662,2.71
1582,crocodile,0.7807,2.75
1583,crocodile,0.7854,2.75
1584,crocodile,0.8303,2.22
1585,crocodile,0.8369,2.28
1586,crocodile,0.8204,2.57
1587,crocodile,0.8187,2.71
1588,crocodile,0.8115,2.27
1589,crocodile,0.8176,2.09
1590,crocodile,0.7928,3.0
1591,crocodile,0.8172,3.31
1592,crocodile,0.7874,3.31
1593,crocodile,0.7969,3.26
1594,crocodile,0.8061,3.25
1595,crocodile,0.7993,2.7
1596,crocodile,0.8129,2.61
1597,crocodile,0.805,2.66
1598,crocodile,0.7973,2.23
1599,crocodile,0.8139,2.19
1600,crocodile,0.8349,2.22
1601,crocodile,0.8329,2.63
1602,crocodile,0.8139,2.69
1603,crocodile,0.7905,2.64
1604,crocodile,0.8119,2.73
1605,crocodile,0.8075,2.7
1606,crocodile,0.8554,2.59
1607,crocodile,0.8966,2.72
1608,crocodile,0.9141,2.62
1609,crocodile,0.9116,2.68
1610,crocodile,0.91,2.72
1611,crocodile,0.9082,2.49
1612,crocodile,0.9132,2.0
1613,crocodile,0.8992,2.65
1614,crocodile,0.9037,2.67
1615,crocodile,0.901,2.68
1616,crocodile,0.9018,2.71
1617,crocodile,0.8846,2.67
1618,crocodile,0.8767,2.66
1619,crocodile,0.879,2.56
1620,crocodile,0.886,3.15
1621,crocodile,0.8854,3.01
1622,crocodile,0.8859,2.64
1623,crocodile,0.8837,3.14
1624,crocodile,0.9054,3.11
1625,crocodile,0.9014,2.15
1626,crocodile,0.8779,2.31
1627,crocodile,0.8698,2.25
1628,crocodile,0.8462,2.13
1629,crocodile,0.7313,2.11
1630,crocodile,0.622,2.11
1631,crocodile,0.6133,2.49
1632,crocodile,0.597,2.67
1633,crocodile,0.5264,2.12
1634,crocodile,0.5482,3.26
1635,crocodile,0.5049,3.24
1636,crocodile,0.6223,3.43
1637,crocodile,0.653,3.3
1638,crocodile,0.6679,3.16
1639,crocodile,0.6941,2.88
1640,crocodile,0.676,2.87
1641,crocodile,0.7103,2.51
1642,crocodile,0.7096,2.43
1643,crocodile,0.7024,2.42
1644,crocodile,0.7217,2.62
1645,crocodile,0.6941,2.78
1646,crocodile,0.6904,2.57
1647,crocodile,0.6829,2.66
1648,crocodile,0.7029,2.59
1649,crocodile,0.7206,2.74
1650,crocodile,0.6934,2.65
1651,crocodile,0.7107,2.62
1652,crocodile,0.7297,2.59
1653,crocodile,0.6804,2.69
1654,crocodile,0.656,2.64
1655,crocodile,0.6541,2.75
1656,crocodile,0.7267,2.69
1657,crocodile,0.7106,2.73
1658,crocodile,0.6736,2.77
1659,crocodile,0.6117,2.49
1660,crocodile,0.6099,2.26
1661,crocodile,0.5671,2.16
1662,crocodile,0.59,2.19
1663,crocodile,0.5823,2.23
1664,non-crocodile,0.5278,2.2
1665,non-crocodile,0.5266,2.62
1666,non-crocodile,0.614,2.67
1667,non-crocodile,0.6098,2.72
1668,non-crocodile,0.6163,2.68
1669,non-crocodile,0.6474,2.15
1670,non-crocodile,0.5958,2.75
1671,non-crocodile,0.549,2.66
1672,non-crocodile,0.5517,2.68
1673,non-crocodile,0.5605,2.55
1674,non-crocodile,0.5682,2.26
1675,non-crocodile,0.6299,2.25
1676,non-crocodile,0.6567,2.27
1677,non-crocodile,0.631,2.68
1678,non-crocodile,0.6409,2.26
1679,non-crocodile,0.6282,2.68
1680,non-crocodile,0.6212,2.68
1681,non-crocodile,0.6301,2.26
1682,non-crocodile,0.6499,2.27
1683,non-crocodile,0.6457,2.24
1684,non-crocodile,0.6481,2.18
1685,non-crocodile,0.6489,2.16
1686,non-crocodile,0.6538,2.52
1687,non-crocodile,0.6623,2.34
1688,non-crocodile,0.6687,2.18
1689,non-crocodile,0.6754,2.11
1690,non-crocodile,0.6707,2.15
1691,non-crocodile,0.6538,2.17
1692,non-crocodile,0.6466,2.2
1693,non-crocodile,0.6549,2.18
1694,non-crocodile,0.6482,2.17
1695,non-crocodile,0.6356,2.27
1696,non-crocodile,0.6262,2.13
1697,non-crocodile,0.6228,1.89
1698,non-crocodile,0.6212,2.6
1699,non-crocodile,0.6174,2.6
1700,non-crocodile,0.6181,2.62
1701,non-crocodile,0.619,2.59
1702,non-crocodile,0.6054,2.26
1703,non-crocodile,0.6163,2.28
1704,non-crocodile,0.6219,2.29
1705,non-crocodile,0.6342,2.27
1706,non-crocodile,0.6389,2.3
1707,non-crocodile,0.626,2.26
1708,non-crocodile,0.6349,2.25
1709,non-crocodile,0.6378,2.57
1710,non-crocodile,0.6373,2.58
1711,non-crocodile,0.6464,2.62
1712,non-crocodile,0.645,2.18
1713,non-crocodile,0.6421,2.25
1714,non-crocodile,0.647,2.63
1715,non-crocodile,0.6679,2.67
1716,non-crocodile,0.6518,2.68
1717,non-crocodile,0.6511,2.71
1718,non-crocodile,0.6489,2.8
1719,non-crocodile,0.6447,2.63
1720,non-crocodile,0.645,2.62
1721,non-crocodile,0.651,2.65
1722,non-crocodile,0.6552,2.74
1723,non-crocodile,0.6566,2.53
1724,non-crocodile,0.6508,2.5
1725,crocodile,0.8803,2.24
1726,crocodile,0.8659,2.64
1727,crocodile,0.8508,2.74
1728,crocodile,0.846,2.79
1729,crocodile,0.8398,2.5
1730,crocodile,0.8373,2.14
1731,crocodile,0.8389,2.12
1732,crocodile,0.8368,2.25
1733,crocodile,0.8464,2.23
1734,crocodile,0.8664,2.21
1735,crocodile,0.8736,2.1
1736,crocodile,0.8854,2.21
1737,crocodile,0.8912,2.62
1738,crocodile,0.8954,2.81
1739,crocodile,0.8988,2.66
1740,crocodile,0.9101,2.09
1741,crocodile,0.923,2.8
1742,crocodile,0.9177,2.6
1743,crocodile,0.9263,2.68
1744,crocodile,0.9012,2.71
1745,crocodile,0.8952,2.7
1746,crocodile,0.928,2.56
1747,crocodile,0.9085,2.66
1748,crocodile,0.8921,2.59
1749,crocodile,0.8829,1.82
1750,crocodile,0.9152,2.2
1751,crocodile,0.9499,2.21
1752,crocodile,0.9421,2.27
1753,crocodile,0.9411,2.7
1754,crocodile,0.94,2.72
1755,crocodile,0.9413,2.69
1756,crocodile,0.944,2.71
1757,crocodile,0.9393,2.19
1758,crocodile,0.9391,2.2
1759,crocodile,0.9388,2.25
1760,crocodile,0.9419,2.16
1761,crocodile,0.9355,2.67
1762,crocodile,0.9248,2.67
1763,crocodile,0.8942,2.79
1764,crocodile,0.874,2.68
1765,crocodile,0.8543,2.73
1766,crocodile,0.8401,2.64
1767,crocodile,0.8377,2.52
1768,crocodile,0.8474,2.3
1769,crocodile,0.8773,2.14
1770,crocodile,0.8733,2.22
1771,crocodile,0.8674,2.19
1772,crocodile,0.8611,2.2
1773,crocodile,0.8655,2.11
1774,crocodile,0.7726,1.86
1775,crocodile,0.8024,2.17
1776,crocodile,0.8279,2.19
1777,crocodile,0.8825,2.21
1778,crocodile,0.901,2.17
1779,crocodile,0.8921,2.18
1780,crocodile,0.9136,2.13
1781,crocodile,0.9117,2.71
1782,crocodile,0.9025,2.55
1783,crocodile,0.9147,2.15
1784,crocodile,0.9118,2.09
1785,crocodile,0.9303,2.29
1786,crocodile,0.9306,2.19
1787,crocodile,0.9182,2.14
1788,crocodile,0.9276,2.28
1789,crocodile,0.906,2.24
1790,crocodile,0.9127,2.16
1791,crocodile,0.87,2.13
1792,crocodile,0.8796,2.18
1793,crocodile,0.8728,2.2
1794,crocodile,0.8838,2.2
1795,crocodile,0.8567,2.1
1796,crocodile,0.8854,2.35
1797,crocodile,0.8604,2.24
1798,crocodile,0.8124,2.7
1799,crocodile,0.8361,2.76
1800,crocodile,0.7792,2.78
1801,crocodile,0.7568,2.58
1802,crocodile,0.6976,1.81
1803,crocodile,0.6918,2.19
1804,crocodile,0.6824,2.1
1805,crocodile,0.6349,2.17
1806,crocodile,0.6698,2.18
1807,crocodile,0.6127,2.16
1808,crocodile,0.6117,2.25
1809,crocodile,0.5346,2.22
1810,crocodile,0.6733,2.19
1811,crocodile,0.5625,2.23
1812,crocodile,0.6099,2.23
1813,crocodile,0.5963,2.23
1814,crocodile,0.5688,2.16
1815,crocodile,0.6918,2.22
1816,crocodile,0.6936,2.18
1817,crocodile,0.7159,2.18
1818,crocodile,0.6225,2.18
1819,crocodile,0.6335,2.23
1820,crocodile,0.621,2.69
1821,crocodile,0.5752,2.58
1822,crocodile,0.5984,2.25
1823,crocodile,0.5798,2.64
1824,crocodile,0.606,2.64
1825,crocodile,0.6103,2.69
1826,crocodile,0.6183,2.64
1827,crocodile,0.6129,2.64
1828,crocodile,0.5968,2.0
1829,crocodile,0.6267,2.48
1830,crocodile,0.6189,2.64
1831,crocodile,0.5985,2.68
1832,crocodile,0.592,2.63
1833,crocodile,0.5841,2.76
1834,crocodile,0.5717,2.63
1835,crocodile,0.5611,2.73
1836,crocodile,0.5265,2.59
1837,crocodile,0.5443,2.78
1838,crocodile,0.5069,2.71
1839,non-crocodile,0.5069,2.16
1840,non-crocodile,0.5119,2.22
1841,non-crocodile,0.5247,2.67
1842,crocodile,0.5001,2.71
1843,crocodile,0.5182,2.65
1844,crocodile,0.5436,2.83
1845,crocodile,0.5327,2.73
1846,crocodile,0.5317,2.74
1847,crocodile,0.5727,2.12
1848,crocodile,0.5641,2.63
1849,crocodile,0.5455,2.53
1850,crocodile,0.5611,2.26
1851,crocodile,0.5576,2.25
1852,crocodile,0.5486,2.25
1853,crocodile,0.5388,2.53
1854,crocodile,0.5458,2.75
1855,crocodile,0.5354,2.49
1856,crocodile,0.5417,2.15
1857,crocodile,0.5417,2.56
1858,crocodile,0.5635,2.7
1859,crocodile,0.5948,2.73
1860,crocodile,0.6014,2.73
1861,crocodile,0.6017,2.66
1862,crocodile,0.6108,2.75
1863,crocodile,0.629,2.71
1864,crocodile,0.6129,2.73
1865,crocodile,0.6098,2.53
1866,crocodile,0.5923,2.15
1867,crocodile,0.6009,2.63
1868,crocodile,0.5675,2.77
1869,crocodile,0.5942,2.77
1870,crocodile,0.5803,2.71
1871,crocodile,0.5937,2.25
1872,crocodile,0.5676,2.46
1873,crocodile,0.5886,2.74
1874,crocodile,0.5913,2.69
1875,crocodile,0.6037,2.7
1876,crocodile,0.6144,2.62
1877,crocodile,0.6231,2.12
1878,crocodile,0.6347,2.6
1879,crocodile,0.6511,2.73
1880,crocodile,0.6585,2.51
1881,crocodile,0.6432,2.64
1882,crocodile,0.6311,2.19
1883,crocodile,0.6273,2.77
1884,crocodile,0.6026,2.78
1885,crocodile,0.5757,2.74
1886,crocodile,0.5657,2.79
1887,crocodile,0.5791,2.67
1888,crocodile,0.5891,2.69
1889,crocodile,0.6154,2.63
1890,crocodile,0.6042,2.43
1891,crocodile,0.6108,2.25
1892,crocodile,0.5859,2.15
1893,crocodile,0.6066,2.18
1894,crocodile,0.592,1.84
1895,crocodile,0.5812,2.57
1896,crocodile,0.5874,2.63
1897,crocodile,0.5998,2.63
1898,crocodile,0.5818,2.52
1899,crocodile,0.5913,2.35
1900,crocodile,0.5729,2.43
1901,crocodile,0.5945,2.39
1902,crocodile,0.5706,2.38
1903,crocodile,0.5711,2.28
1904,crocodile,0.5792,2.85
1905,crocodile,0.5635,2.66
1906,crocodile,0.5603,2.44
1907,crocodile,0.5642,2.08
1908,crocodile,0.5419,2.13
1909,crocodile,0.8656,2.2
1910,crocodile,0.8623,2.1
1911,crocodile,0.8707,2.11
1912,crocodile,0.8687,1.83
1913,crocodile,0.8668,2.55
1914,crocodile,0.8714,2.63
1915,crocodile,0.8695,2.53
1916,crocodile,0.8721,2.56
1917,crocodile,0.8691,2.43
1918,crocodile,0.8696,2.38
1919,crocodile,0.867,2.42
1920,crocodile,0.8645,2.17
1921,crocodile,0.8649,2.18
1922,crocodile,0.8633,2.19
1923,crocodile,0.8584,2.17
1924,crocodile,0.8563,2.24
1925,crocodile,0.8586,2.18
1926,crocodile,0.8624,2.46
1927,crocodile,0.8543,2.25
1928,crocodile,0.8665,2.23
1929,crocodile,0.8634,2.22
1930,crocodile,0.8672,2.19
1931,crocodile,0.8622,2.21
1932,crocodile,0.8659,2.18
1933,crocodile,0.8694,2.13
1934,crocodile,0.8765,2.22
1935,crocodile,0.873,2.28
1936,crocodile,0.8827,2.23
1937,crocodile,0.8819,2.25
1938,crocodile,0.8817,2.67
1939,crocodile,0.8881,2.59
1940,crocodile,0.8797,2.64
1941,crocodile,0.8693,2.21
1942,crocodile,0.8758,2.34
1943,crocodile,0.8609,2.04
1944,crocodile,0.8702,3.31
1945,crocodile,0.8726,3.32
1946,crocodile,0.8768,3.36
1947,crocodile,0.8755,3.16
1948,crocodile,0.8838,2.69
1949,crocodile,0.8722,2.16
1950,crocodile,0.873,2.17
1951,crocodile,0.8829,2.21
1952,crocodile,0.881,2.74
1953,crocodile,0.8918,2.71
1954,crocodile,0.9035,2.46
1955,crocodile,0.9063,2.3
1956,crocodile,0.907,2.2
1957,crocodile,0.9177,2.25
1958,crocodile,0.9204,2.33
1959,crocodile,0.9147,2.14
1960,crocodile,0.9114,2.1
1961,crocodile,0.9032,2.74
1962,crocodile,0.8975,2.53
1963,crocodile,0.8877,2.76
1964,crocodile,0.8931,2.63
1965,crocodile,0.8995,2.63
1966,crocodile,0.925,2.74
1967,crocodile,0.9281,2.55
1968,crocodile,0.9252,2.3
1969,crocodile,0.9003,2.1
1970,crocodile,0.8973,2.17
1971,crocodile,0.897,2.28
1972,crocodile,0.9203,2.18
1973,crocodile,0.9018,2.28
1974,crocodile,0.9151,2.11
1975,crocodile,0.8865,2.74
1976,crocodile,0.8526,2.68
1977,crocodile,0.8206,2.53
1978,crocodile,0.8625,2.25
1979,crocodile,0.8722,2.18
1980,crocodile,0.8748,2.63
1981,crocodile,0.8942,2.75
1982,crocodile,0.8646,2.64
1983,crocodile,0.8557,2.75
1984,crocodile,0.8508,2.69
1985,crocodile,0.8326,2.64
1986,crocodile,0.8207,2.74
1987,crocodile,0.8319,2.43
1988,crocodile,0.8298,2.19
1989,crocodile,0.8331,2.75
1990,crocodile,0.8533,2.67
1991,crocodile,0.8505,2.63
1992,crocodile,0.8405,2.7
1993,crocodile,0.8274,2.74
1994,crocodile,0.8115,2.63
1995,crocodile,0.7841,2.74
1996,crocodile,0.8306,2.73
1997,crocodile,0.828,2.74
1998,crocodile,0.8433,2.73
1999,crocodile,0.8439,2.7
2000,crocodile,0.8608,2.65
2001,crocodile,0.8683,2.68
2002,crocodile,0.8475,2.53
2003,crocodile,0.8084,2.22
2004,crocodile,0.8337,2.63
2005,crocodile,0.8321,2.49
2006,crocodile,0.8484,2.25
2007,crocodile,0.8448,2.17
2008,crocodile,0.8217,2.24
2009,crocodile,0.8054,2.25
2010,crocodile,0.8186,2.2
2011,crocodile,0.8317,2.25
2012,crocodile,0.8488,2.17
2013,crocodile,0.8695,2.24
2014,crocodile,0.8656,2.62
2015,crocodile,0.815,2.63
2016,crocodile,0.8121,2.66
2017,crocodile,0.7641,2.73
2018,crocodile,0.7698,2.63
2019,crocodile,0.7973,2.62
2020,crocodile,0.847,2.62
2021,crocodile,0.8464,2.74
2022,crocodile,0.8497,2.7
2023,crocodile,0.8406,2.42
2024,crocodile,0.8328,2.67
2025,crocodile,0.8587,2.58
2026,crocodile,0.88,2.63
2027,crocodile,0.8708,2.17
2028,crocodile,0.8459,2.22
2029,crocodile,0.8124,2.67
2030,crocodile,0.8152,2.63
2031,crocodile,0.8021,2.52
2032,crocodile,0.7812,2.25
2033,crocodile,0.6898,2.52
2034,crocodile,0.6961,2.55
2035,crocodile,0.6873,2.67
2036,crocodile,0.6829,2.52
2037,crocodile,0.6743,2.17
2038,crocodile,0.6724,2.52
2039,crocodile,0.6758,2.73
2040,crocodile,0.6747,2.73
2041,crocodile,0.6728,2.62
2042,crocodile,0.678,2.25
2043,crocodile,0.6815,2.19
2044,crocodile,0.6904,2.21
2045,crocodile,0.6901,2.24
2046,crocodile,0.69,2.62
2047,crocodile,0.6776,2.62
2048,crocodile,0.663,2.62
2049,crocodile,0.6631,2.74
2050,crocodile,0.6492,2.62
2051,crocodile,0.6573,2.72
2052,crocodile,0.6615,2.65
2053,crocodile,0.6615,2.73
2054,crocodile,0.6523,2.66
2055,crocodile,0.6592,2.74
2056,crocodile,0.6638,2.46
2057,crocodile,0.6674,2.62
2058,crocodile,0.6696,2.24
2059,crocodile,0.6681,1.85
2060,crocodile,0.6767,3.31
2061,crocodile,0.6639,3.5
2062,crocodile,0.6688,3.31
2063,crocodile,0.6627,3.16
2064,crocodile,0.6734,3.09
2065,crocodile,0.6743,2.62
2066,crocodile,0.6844,2.25
2067,crocodile,0.6768,2.29
2068,crocodile,0.6798,2.62
2069,crocodile,0.679,2.53
2070,crocodile,0.6917,2.24
2071,crocodile,0.6932,2.17
2072,crocodile,0.6933,2.18
2073,crocodile,0.6923,2.17
2074,crocodile,0.7164,2.16
2075,crocodile,0.7095,2.17
2076,crocodile,0.7203,2.17
2077,crocodile,0.7251,2.17
2078,crocodile,0.7349,2.14
2079,crocodile,0.7502,2.17
2080,crocodile,0.7509,2.25
2081,crocodile,0.7588,2.74
2082,crocodile,0.7603,2.73
2083,crocodile,0.7765,2.69
2084,crocodile,0.7888,2.75
2085,crocodile,0.7947,2.71
2086,crocodile,0.7953,2.72
2087,crocodile,0.7863,2.72
2088,crocodile,0.7925,2.71
2089,crocodile,0.7844,2.74
2090,crocodile,0.7513,2.61
2091,crocodile,0.7536,2.15
2092,crocodile,0.7585,2.64
2093,crocodile,0.7781,2.7
2094,crocodile,0.7961,2.7
2095,crocodile,0.7945,2.76
2096,crocodile,0.7904,2.71
2097,crocodile,0.7797,2.76
2098,crocodile,0.7493,2.56
2099,crocodile,0.7158,2.65
2100,crocodile,0.7352,2.1
2101,crocodile,0.7404,2.68
2102,crocodile,0.7485,2.66
2103,crocodile,0.7344,2.73
2104,crocodile,0.7452,2.66
2105,crocodile,0.7703,2.72
2106,crocodile,0.7908,2.82
2107,crocodile,0.7866,2.68
2108,crocodile,0.7874,2.63
2109,crocodile,0.7678,2.63
2110,crocodile,0.7646,2.53
2111,crocodile,0.7402,2.5
2112,crocodile,0.7521,2.46
2113,crocodile,0.7529,2.52
2114,crocodile,0.7412,2.53
2115,crocodile,0.7285,2.6
2116,crocodile,0.7623,2.11
2117,crocodile,0.7842,2.68
2118,crocodile,0.7921,2.7
2119,crocodile,0.7958,2.75
2120,crocodile,0.8388,2.52
2121,crocodile,0.8343,2.26
2122,crocodile,0.8354,2.18
2123,crocodile,0.8273,2.2
2124,crocodile,0.8145,2.18
2125,crocodile,0.8251,2.43
2126,crocodile,0.8153,2.64
2127,crocodile,0.8284,2.62
2128,crocodile,0.8236,2.71
2129,crocodile,0.8177,2.64
2130,crocodile,0.7931,2.74
2131,crocodile,0.8015,2.63
2132,crocodile,0.7957,2.67
2133,crocodile,0.7944,2.74
2134,crocodile,0.7835,2.74
2135,crocodile,0.7704,2.64
2136,crocodile,0.7862,2.63
2137,crocodile,0.8021,2.63
2138,crocodile,0.8118,1.97
2139,crocodile,0.812,2.74
2140,crocodile,0.8147,2.66
2141,crocodile,0.8095,2.7
2142,crocodile,0.8088,2.54
2143,crocodile,0.8,2.19
2144,crocodile,0.7927,2.22
2145,crocodile,0.7984,2.25
2146,crocodile,0.7913,2.24
2147,crocodile,0.7663,2.21
2148,crocodile,0.7867,2.38
2149,crocodile,0.7843,2.63
2150,crocodile,0.7732,2.64
2151,crocodile,0.762,2.49
2152,crocodile,0.7689,2.25
2153,crocodile,0.7597,2.25
2154,crocodile,0.7543,2.24
2155,crocodile,0.7246,2.33
2156,crocodile,0.7306,2.18
2157,crocodile,0.7326,2.42
2158,crocodile,0.7521,2.67
2159,crocodile,0.734,2.64
2160,crocodile,0.7368,2.62
2161,crocodile,0.7677,2.76
2162,crocodile,0.7864,2.63
2163,crocodile,0.7984,2.63
2164,crocodile,0.8187,2.74
2165,crocodile,0.8141,2.69
2166,crocodile,0.8183,2.7
2167,crocodile,0.812,2.7
2168,crocodile,0.8143,2.72
2169,crocodile,0.817,2.78
2170,crocodile,0.8153,2.66
2171,crocodile,0.7934,2.63
2172,crocodile,0.8062,2.76
2173,crocodile,0.8203,2.69
2174,crocodile,0.8123,2.44
2175,crocodile,0.7982,2.26
2176,crocodile,0.8121,2.75
2177,crocodile,0.8077,2.66
2178,crocodile,0.7976,2.71
2179,crocodile,0.7696,2.64
2180,crocodile,0.7675,2.73
2181,crocodile,0.7678,2.5
2182,crocodile,0.7445,2.46
2183,crocodile,0.7299,2.55
2184,crocodile,0.6661,2.17
2185,crocodile,0.7016,2.2
2186,crocodile,0.7055,2.23
2187,crocodile,0.7023,2.15
2188,crocodile,0.7077,2.6
2189,crocodile,0.7285,2.78
2190,crocodile,0.742,2.54
2191,crocodile,0.7873,2.21
2192,crocodile,0.8134,2.53
2193,crocodile,0.8844,2.67
2194,crocodile,0.8978,2.7
2195,crocodile,0.9024,2.61
2196,crocodile,0.9181,2.56
2197,crocodile,0.9266,2.17
2198,crocodile,0.9229,2.13
2199,crocodile,0.9202,2.28
2200,crocodile,0.9347,2.28
2201,crocodile,0.9253,2.25
2202,crocodile,0.9344,2.2
2203,crocodile,0.9355,2.36
2204,crocodile,0.9492,2.58
2205,crocodile,0.9423,2.21
2206,crocodile,0.9213,2.12
2207,crocodile,0.9237,2.2
2208,crocodile,0.9199,2.22
2209,crocodile,0.8995,2.14
2210,crocodile,0.896,2.74
2211,crocodile,0.8969,2.84
2212,crocodile,0.8828,2.75
2213,crocodile,0.8751,2.65
2214,crocodile,0.8858,2.74
2215,crocodile,0.8703,2.71
2216,crocodile,0.8642,2.63
2217,crocodile,0.8774,2.45
2218,crocodile,0.8842,2.1
2219,crocodile,0.8886,3.36
2220,crocodile,0.8857,2.72
2221,crocodile,0.8928,2.67
2222,crocodile,0.8875,3.18
2223,crocodile,0.885,3.35
2224,crocodile,0.8842,2.88
2225,crocodile,0.878,2.43
2226,crocodile,0.8813,2.4
2227,crocodile,0.8866,2.46
2228,crocodile,0.8962,2.96
2229,crocodile,0.8968,2.66
2230,crocodile,0.8985,2.69
2231,crocodile,0.8943,2.53
2232,crocodile,0.8964,2.72
2233,crocodile,0.8949,2.66
2234,crocodile,0.8953,2.63
2235,crocodile,0.8939,2.58
2236,crocodile,0.8964,2.69
2237,crocodile,0.8947,2.0
2238,crocodile,0.8991,3.3
2239,crocodile,0.899,3.0
2240,crocodile,0.9028,3.4
2241,crocodile,0.8213,3.52
2242,crocodile,0.8393,3.33
2243,crocodile,0.8324,2.47
2244,crocodile,0.8025,2.59
2245,crocodile,0.8084,2.52
2246,crocodile,0.8016,2.44
2247,crocodile,0.7885,2.26
2248,crocodile,0.8007,2.14
2249,crocodile,0.7764,2.18
2250,crocodile,0.8142,2.19
2251,crocodile,0.8277,2.2
2252,crocodile,0.796,2.74
2253,crocodile,0.7828,2.73
2254,crocodile,0.7615,2.74
2255,crocodile,0.7482,2.18
2256,crocodile,0.7709,2.18
2257,crocodile,0.7761,2.18
2258,crocodile,0.7915,2.2
2259,crocodile,0.8169,2.18
2260,crocodile,0.7999,2.11
2261,crocodile,0.7778,2.25
2262,crocodile,0.8165,2.74
2263,crocodile,0.849,2.63
2264,crocodile,0.838,2.69
2265,crocodile,0.8525,2.68
2266,crocodile,0.8285,2.32
2267,crocodile,0.8255,2.17
2268,crocodile,0.8088,2.29
2269,crocodile,0.7936,2.3
2270,crocodile,0.7977,2.62
2271,crocodile,0.7724,2.29
2272,crocodile,0.7675,2.18
2273,crocodile,0.7649,2.1
2274,crocodile,0.7516,2.18
2275,crocodile,0.7629,2.18
2276,crocodile,0.7543,2.1
2277,crocodile,0.7485,2.21
2278,crocodile,0.7339,2.54
2279,crocodile,0.7446,2.62
2280,crocodile,0.7294,2.69
2281,crocodile,0.7373,2.63
2282,crocodile,0.7365,2.25
2283,crocodile,0.7204,2.65
2284,crocodile,0.7385,2.53
2285,crocodile,0.7323,2.6
2286,crocodile,0.7231,2.6
2287,crocodile,0.7189,2.25
2288,crocodile,0.7136,2.3
2289,crocodile,0.7193,2.27
2290,crocodile,0.7233,2.75
2291,crocodile,0.7179,2.7
2292,crocodile,0.7344,2.63
2293,crocodile,0.7324,2.69
2294,crocodile,0.7091,2.76
2295,crocodile,0.7089,2.69
2296,crocodile,0.7007,2.71
2297,crocodile,0.703,2.64
2298,crocodile,0.7053,2.53
2299,crocodile,0.7064,2.65
2300,crocodile,0.7048,2.74
2301,crocodile,0.71,2.64
2302,crocodile,0.7175,2.68
2303,crocodile,0.7189,2.65
2304,crocodile,0.7391,2.48
2305,crocodile,0.7357,2.16
2306,crocodile,0.728,3.06
2307,crocodile,0.7244,3.39
2308,crocodile,0.7256,2.73
2309,crocodile,0.7172,3.18
2310,crocodile,0.7009,3.26
2311,crocodile,0.6791,3.16
2312,crocodile,0.6631,2.56
2313,crocodile,0.6292,2.18
2314,crocodile,0.6767,2.26
2315,crocodile,0.6932,2.53
2316,crocodile,0.6989,2.53
2317,crocodile,0.6918,3.15
2318,crocodile,0.7211,3.31
2319,crocodile,0.7222,3.2
2320,crocodile,0.7107,3.28
2321,crocodile,0.7005,3.32
2322,crocodile,0.6998,2.38
2323,crocodile,0.6943,3.22
2324,crocodile,0.6928,3.18
2325,crocodile,0.6774,3.06
2326,crocodile,0.6832,3.2
2327,crocodile,0.6961,3.12
2328,crocodile,0.7082,2.61
2329,crocodile,0.7219,2.96
2330,crocodile,0.7262,3.03
2331,crocodile,0.7306,2.86
2332,crocodile,0.7445,3.01
2333,crocodile,0.7451,2.93
2334,crocodile,0.7517,2.55
2335,crocodile,0.7432,2.61
2336,crocodile,0.7249,2.56
2337,crocodile,0.7144,2.57
2338,crocodile,0.6934,2.45
2339,crocodile,0.6559,2.75
2340,crocodile,0.6536,2.63
2341,crocodile,0.6565,2.66
2342,crocodile,0.653,2.7
2343,crocodile,0.6571,2.67
2344,crocodile,0.6509,2.49
2345,crocodile,0.6469,2.23
2346,crocodile,0.6459,2.14
2347,crocodile,0.6463,2.11
2348,crocodile,0.6535,2.58
2349,crocodile,0.672,2.68
2350,crocodile,0.6767,2.69
2351,crocodile,0.6778,2.26
2352,crocodile,0.6881,1.63
2353,crocodile,0.6847,2.49
2354,crocodile,0.6967,2.59
2355,crocodile,0.695,2.6
2356,crocodile,0.6963,2.49
2357,crocodile,0.6948,2.16
2358,crocodile,0.9786,2.34
2359,crocodile,0.9756,2.88
2360,crocodile,0.9758,2.78
2361,crocodile,0.976,3.18
2362,crocodile,0.9755,2.97
2363,crocodile,0.9741,2.67
2364,crocodile,0.9731,2.88
2365,crocodile,0.9723,2.99
2366,crocodile,0.9702,2.67
2367,crocodile,0.9677,3.29
2368,crocodile,0.9634,2.6
2369,crocodile,0.9633,2.85
2370,crocodile,0.9625,3.11
2371,crocodile,0.9676,2.47
2372,crocodile,0.9646,2.46
2373,crocodile,0.9636,2.51
2374,crocodile,0.9596,1.99
2375,crocodile,0.9612,2.2
2376,crocodile,0.9577,2.04
2377,crocodile,0.9555,2.22
2378,crocodile,0.9577,2.16
2379,crocodile,0.9597,2.78
2380,crocodile,0.9559,2.73
2381,crocodile,0.9554,2.7
2382,crocodile,0.9597,2.26
2383,crocodile,0.9579,2.45
2384,crocodile,0.9576,2.57
2385,crocodile,0.9555,3.04
2386,crocodile,0.9547,3.15
2387,crocodile,0.9552,3.16
2388,crocodile,0.9535,3.19
2389,crocodile,0.9523,3.23
2390,crocodile,0.9529,2.44
2391,crocodile,0.9513,2.17
2392,crocodile,0.952,2.28
2393,crocodile,0.9544,2.15
2394,crocodile,0.9517,2.26
2395,crocodile,0.9522,2.29
2396,crocodile,0.9522,2.7
2397,crocodile,0.9545,2.68
2398,crocodile,0.9534,2.72
2399,crocodile,0.9522,2.68
2400,crocodile,0.9536,2.73
2401,crocodile,0.9551,2.35
2402,crocodile,0.9547,2.6
2403,crocodile,0.9568,2.27
2404,crocodile,0.9585,2.75
2405,crocodile,0.9584,2.62
2406,crocodile,0.9573,2.18
2407,crocodile,0.9394,2.15
2408,crocodile,0.9443,2.25
2409,crocodile,0.9446,2.18
2410,crocodile,0.9422,1.85
2411,crocodile,0.9399,3.16
2412,crocodile,0.9412,3.05
2413,crocodile,0.9445,3.31
2414,crocodile,0.9444,2.71
2415,crocodile,0.939,2.59
2416,crocodile,0.9431,2.86
2417,crocodile,0.9451,2.5
2418,crocodile,0.9437,2.43
2419,crocodile,0.9405,2.31
2420,crocodile,0.9467,2.2
2421,crocodile,0.9391,2.14
2422,crocodile,0.931,2.18
2423,crocodile,0.9242,2.31
2424,crocodile,0.9129,2.59
2425,crocodile,0.9161,2.65
2426,crocodile,0.9153,2.7
2427,crocodile,0.9128,2.61
2428,crocodile,0.9143,2.63
2429,crocodile,0.9143,2.62
2430,crocodile,0.9181,2.67
2431,crocodile,0.9141,2.67
2432,crocodile,0.9164,2.71
2433,crocodile,0.9219,2.63
2434,crocodile,0.9247,2.67
2435,crocodile,0.9222,2.8
2436,crocodile,0.9212,2.58
2437,crocodile,0.9203,2.17
2438,crocodile,0.9233,2.65
2439,crocodile,0.9233,2.56
2440,crocodile,0.9216,2.56
2441,crocodile,0.9149,2.16
2442,crocodile,0.916,2.23
2443,crocodile,0.9176,2.22
2444,crocodile,0.9185,2.2
2445,crocodile,0.9185,2.26
2446,crocodile,0.9192,2.76
2447,crocodile,0.9172,2.57
2448,crocodile,0.9164,2.79
2449,crocodile,0.9142,2.69
2450,crocodile,0.9146,2.67
2451,crocodile,0.9122,2.47
2452,crocodile,0.9093,2.67
2453,crocodile,0.9102,2.52
2454,crocodile,0.9128,3.14
2455,crocodile,0.9132,3.15
2456,crocodile,0.9156,3.2
2457,crocodile,0.9179,3.22
2458,crocodile,0.918,3.16
2459,crocodile,0.9198,2.63
2460,crocodile,0.9192,2.72
2461,crocodile,0.9167,2.71
2462,crocodile,0.9169,2.63
2463,crocodile,0.9158,2.68
2464,crocodile,0.9156,2.75
2465,crocodile,0.9138,2.64
2466,crocodile,0.9138,2.64
2467,crocodile,0.9126,2.7
2468,crocodile,0.9143,2.69
2469,crocodile,0.915,2.64
2470,crocodile,0.9161,2.32
2471,crocodile,0.9153,2.76
2472,crocodile,0.9136,2.63
2473,crocodile,0.9144,2.63
2474,crocodile,0.9153,2.63
2475,crocodile,0.9149,2.46
2476,crocodile,0.916,2.18
2477,crocodile,0.9176,2.63
2478,crocodile,0.9179,2.64
2479,crocodile,0.918,2.43
2480,crocodile,0.9174,2.59
2481,crocodile,0.9177,2.74
2482,crocodile,0.9176,2.63
2483,crocodile,0.9165,2.62
2484,non-crocodile,0.9735,2.74
2485,non-crocodile,0.9712,2.64
2486,non-crocodile,0.9709,2.74
2487,non-crocodile,0.9709,2.75
2488,non-crocodile,0.9712,2.25
2489,non-crocodile,0.9706,2.31
2490,non-crocodile,0.9718,2.69
2491,non-crocodile,0.971,2.62
2492,non-crocodile,0.9722,2.64
2493,non-crocodile,0.972,2.56
2494,non-crocodile,0.9718,2.63
2495,non-crocodile,0.9729,2.63
2496,non-crocodile,0.9734,1.96
2497,non-crocodile,0.974,2.18
2498,non-crocodile,0.9752,2.25
2499,non-crocodile,0.9752,2.27
2500,non-crocodile,0.9779,2.25
2501,non-crocodile,0.9794,2.13
2502,non-crocodile,0.9816,2.09
2503,non-crocodile,0.9821,2.19
2504,non-crocodile,0.9828,2.59
2505,non-crocodile,0.9821,3.05
2506,non-crocodile,0.9809,3.15
2507,non-crocodile,0.9815,3.17
2508,non-crocodile,0.9811,3.07
2509,non-crocodile,0.9792,2.88
2510,non-crocodile,0.9793,2.53
2511,non-crocodile,0.9773,2.53
2512,non-crocodile,0.9761,2.54
2513,non-crocodile,0.9731,2.69
2514,non-crocodile,0.9701,2.64
2515,non-crocodile,0.9682,2.75
2516,non-crocodile,0.965,2.65
2517,non-crocodile,0.9583,2.53
2518,non-crocodile,0.9571,2.2
2519,non-crocodile,0.9536,2.75
2520,non-crocodile,0.9496,2.73
2521,non-crocodile,0.9489,2.76
2522,non-crocodile,0.9473,2.47
2523,non-crocodile,0.9459,2.25
2524,non-crocodile,0.952,2.26
2525,non-crocodile,0.9499,2.68
2526,non-crocodile,0.9544,2.74
2527,non-crocodile,0.9547,2.67
2528,non-crocodile,0.9541,2.71
2529,non-crocodile,0.9535,2.75
2530,non-crocodile,0.9557,2.64
2531,non-crocodile,0.9569,2.07
2532,non-crocodile,0.9609,2.73
2533,non-crocodile,0.9613,2.25
2534,non-crocodile,0.9622,2.17
2535,non-crocodile,0.9622,2.73
2536,non-crocodile,0.9633,2.64
2537,non-crocodile,0.961,2.25
2538,non-crocodile,0.9618,2.67
2539,non-crocodile,0.9612,2.68
2540,non-crocodile,0.9639,2.61
2541,non-crocodile,0.9648,2.26
2542,non-crocodile,0.966,2.21
2543,non-crocodile,0.9652,2.32
2544,non-crocodile,0.967,2.71
2545,non-crocodile,0.9658,2.69
2546,non-crocodile,0.9645,2.68
2547,non-crocodile,0.963,2.64
2548,non-crocodile,0.9661,2.75
2549,non-crocodile,0.9673,2.69
2550,non-crocodile,0.968,2.7
2551,non-crocodile,0.9685,2.54
2552,non-crocodile,0.9683,2.69
2553,non-crocodile,0.9691,2.56
2554,crocodile,0.8314,2.52
2555,crocodile,0.832,2.53
2556,crocodile,0.7971,2.24
2557,crocodile,0.7895,2.74
2558,crocodile,0.7699,2.29
2559,crocodile,0.7788,2.68
2560,crocodile,0.7848,2.65
2561,crocodile,0.7691,2.62
2562,crocodile,0.7727,2.75
2563,crocodile,0.7663,2.61
2564,crocodile,0.7675,2.23
2565,crocodile,0.7941,2.69
2566,crocodile,0.8051,2.6
2567,crocodile,0.7954,2.75
2568,crocodile,0.7353,2.69
2569,crocodile,0.7507,2.12
2570,crocodile,0.7198,2.12
2571,crocodile,0.7142,2.22
2572,crocodile,0.6892,2.23
2573,crocodile,0.6975,2.12
2574,crocodile,0.7113,2.23
2575,crocodile,0.7075,2.09
2576,crocodile,0.7507,2.22
2577,crocodile,0.7669,2.09
2578,crocodile,0.7779,2.18
2579,crocodile,0.8034,2.24
2580,crocodile,0.787,2.15
2581,crocodile,0.7684,2.18
2582,crocodile,0.7985,2.72
2583,crocodile,0.7585,2.44
2584,crocodile,0.7685,2.19
2585,crocodile,0.7931,2.2
2586,crocodile,0.7688,2.2
2587,crocodile,0.772,2.23
2588,crocodile,0.7759,2.22
2589,crocodile,0.8206,2.68
2590,crocodile,0.8231,2.66
2591,crocodile,0.8261,2.63
2592,crocodile,0.8235,2.54
2593,crocodile,0.8105,2.53
2594,crocodile,0.8237,2.26
2595,crocodile,0.835,2.58
2596,crocodile,0.817,2.64
2597,crocodile,0.8479,2.66
2598,crocodile,0.8291,2.69
2599,crocodile,0.8252,2.06
2600,crocodile,0.8284,2.55
2601,crocodile,0.8527,2.47
2602,crocodile,0.8254,2.62
2603,crocodile,0.8236,2.58
2604,crocodile,0.8193,3.23
2605,crocodile,0.7909,3.11
2606,crocodile,0.7777,3.17
2607,crocodile,0.8027,3.26
2608,crocodile,0.8156,3.16
2609,crocodile,0.8301,2.63
2610,crocodile,0.7823,2.64
2611,crocodile,0.7773,2.52
2612,crocodile,0.7925,2.24
2613,crocodile,0.7625,2.29
2614,crocodile,0.7555,2.64
2615,crocodile,0.7487,2.64
2616,crocodile,0.7407,2.54
2617,crocodile,0.6935,2.68
2618,crocodile,0.665,2.6
2619,crocodile,0.7375,2.63
2620,crocodile,0.7292,2.72
2621,crocodile,0.7397,2.74
2622,crocodile,0.7402,2.64
2623,crocodile,0.7479,2.75
2624,crocodile,0.7292,2.6
2625,crocodile,0.7381,2.17
2626,crocodile,0.7297,2.63
2627,crocodile,0.7239,2.67
2628,crocodile,0.7293,2.63
2629,crocodile,0.7314,2.46
2630,crocodile,0.7069,2.63
2631,crocodile,0.7572,2.57
2632,crocodile,0.6865,2.72
2633,crocodile,0.7359,2.67
2634,crocodile,0.7386,2.71
2635,crocodile,0.7265,2.73
2636,crocodile,0.7395,2.57
2637,crocodile,0.7389,2.53
2638,crocodile,0.705,2.1
2639,crocodile,0.7406,2.16
2640,crocodile,0.7485,2.22
2641,crocodile,0.7708,2.79
2642,crocodile,0.7842,2.77
2643,crocodile,0.771,2.69
2644,crocodile,0.7758,2.25
2645,crocodile,0.7668,2.11
2646,crocodile,0.7526,3.34
2647,crocodile,0.7649,3.34
2648,crocodile,0.7709,3.28
2649,crocodile,0.8058,3.44
2650,crocodile,0.8126,3.31
2651,crocodile,0.8518,2.51
2652,crocodile,0.853,2.63
2653,crocodile,0.8485,2.55
2654,crocodile,0.8383,2.92
2655,crocodile,0.8683,2.45
2656,crocodile,0.8637,2.8
2657,crocodile,0.87,2.97
2658,crocodile,0.9153,3.01
2659,crocodile,0.9149,2.62
2660,crocodile,0.9133,2.61
2661,crocodile,0.9139,2.67
2662,crocodile,0.9192,2.64
2663,crocodile,0.9179,2.59
2664,crocodile,0.9124,2.53
2665,crocodile,0.9234,2.53
2666,crocodile,0.9208,2.26
2667,crocodile,0.9308,2.17
2668,crocodile,0.9263,3.23
2669,crocodile,0.9242,3.34
2670,crocodile,0.9172,3.29
2671,crocodile,0.9307,3.16
2672,crocodile,0.9368,3.33
2673,crocodile,0.9348,2.76
2674,crocodile,0.9329,2.67
2675,crocodile,0.9252,2.52
2676,crocodile,0.929,2.77
2677,crocodile,0.9416,2.28
2678,crocodile,0.9396,2.77
2679,crocodile,0.9371,2.61
2680,crocodile,0.9245,2.63
2681,crocodile,0.9387,2.52
2682,crocodile,0.9179,2.61
2683,crocodile,0.9045,2.74
2684,crocodile,0.8907,2.72
2685,crocodile,0.8823,2.55
2686,crocodile,0.8968,2.21
2687,crocodile,0.8987,2.64
2688,crocodile,0.8472,2.77
2689,crocodile,0.83,2.71
2690,crocodile,0.8035,2.6
2691,crocodile,0.8087,2.68
2692,crocodile,0.768,1.86
2693,crocodile,0.7495,2.2
2694,crocodile,0.7648,2.23
2695,crocodile,0.7095,2.63
2696,crocodile,0.6847,2.79
2697,crocodile,0.5919,2.43
2698,crocodile,0.5972,2.22
2699,crocodile,0.5481,2.1
2700,non-crocodile,0.5365,2.2
2701,non-crocodile,0.6071,2.04
2702,non-crocodile,0.5837,2.48
2703,non-crocodile,0.6551,2.58
2704,non-crocodile,0.6794,2.83
2705,non-crocodile,0.7087,2.79
2706,non-crocodile,0.7608,2.53
2707,non-crocodile,0.7965,2.64
2708,non-crocodile,0.7809,2.61
2709,non-crocodile,0.7862,2.63
2710,non-crocodile,0.7745,2.18
2711,non-crocodile,0.775,2.64
2712,non-crocodile,0.7761,2.71
2713,non-crocodile,0.786,2.63
2714,non-crocodile,0.7858,2.73
2715,non-crocodile,0.7934,2.71
2716,non-crocodile,0.7929,2.63
2717,non-crocodile,0.7988,2.72
2718,non-crocodile,0.815,2.2
2719,non-crocodile,0.8326,2.63
2720,non-crocodile,0.833,2.63
2721,non-crocodile,0.8339,2.47
2722,non-crocodile,0.6626,2.29
2723,non-crocodile,0.6522,2.75
2724,non-crocodile,0.5987,2.64
2725,non-crocodile,0.5999,2.67
2726,non-crocodile,0.7148,2.53
2727,non-crocodile,0.8043,2.67
2728,non-crocodile,0.8055,2.68
2729,non-crocodile,0.7641,2.17
2730,non-crocodile,0.7522,2.25
2731,non-crocodile,0.7363,2.72
2732,non-crocodile,0.6972,2.74
2733,non-crocodile,0.6753,2.64
2734,non-crocodile,0.6551,2.54
2735,non-crocodile,0.6028,2.7
2736,non-crocodile,0.558,2.59
2737,non-crocodile,0.5227,2.75
2738,non-crocodile,0.5035,2.17
2739,crocodile,0.5058,2.19
2740,non-crocodile,0.5128,2.21
2741,non-crocodile,0.5208,2.63
2742,non-crocodile,0.5196,2.63
2743,non-crocodile,0.5288,2.38
2744,non-crocodile,0.5415,2.44
2745,non-crocodile,0.5186,2.66
2746,crocodile,0.5151,2.51
2747,crocodile,0.5167,2.64
2748,non-crocodile,0.5689,2.61
2749,non-crocodile,0.593,2.22
2750,non-crocodile,0.5335,2.22
2751,crocodile,0.5007,2.11
2752,non-crocodile,0.506,2.1
2753,non-crocodile,0.5293,2.17
2754,non-crocodile,0.5283,2.6
2755,crocodile,0.5488,2.98
2756,crocodile,0.5819,2.5
2757,crocodile,0.6039,2.49
2758,crocodile,0.5713,2.16
2759,crocodile,0.6365,2.17
2760,crocodile,0.5769,2.2
2761,crocodile,0.5642,2.23
2762,crocodile,0.57,2.18
2763,crocodile,0.6333,2.25
2764,crocodile,0.6181,2.6
2765,crocodile,0.5458,2.75
2766,non-crocodile,0.5186,2.53
2767,crocodile,0.5037,2.23
2768,crocodile,0.5092,2.2
2769,crocodile,0.556,2.28
2770,crocodile,0.6179,2.74
2771,crocodile,0.5759,2.49
2772,crocodile,0.552,2.25
2773,crocodile,0.5303,2.25
2774,non-crocodile,0.538,2.18
2775,crocodile,0.5162,2.29
2776,non-crocodile,0.5962,2.17
2777,non-crocodile,0.6925,2.17
2778,non-crocodile,0.7044,2.1
2779,non-crocodile,0.7152,2.63
2780,non-crocodile,0.7113,2.7
2781,non-crocodile,0.753,2.71
2782,non-crocodile,0.7344,2.62
2783,non-crocodile,0.753,2.63
2784,non-crocodile,0.7151,2.74
2785,non-crocodile,0.6752,2.63
2786,non-crocodile,0.6613,2.67
2787,non-crocodile,0.6301,2.63
2788,non-crocodile,0.5474,2.71
2789,non-crocodile,0.6325,2.63
2790,non-crocodile,0.6099,2.57
2791,non-crocodile,0.6837,2.63
2792,non-crocodile,0.6849,2.74
2793,non-crocodile,0.6729,2.66
2794,non-crocodile,0.6234,2.75
2795,non-crocodile,0.6672,2.82
2796,non-crocodile,0.6619,2.63
2797,non-crocodile,0.6436,2.18
2798,non-crocodile,0.5848,2.74
2799,non-crocodile,0.6222,2.66
2800,non-crocodile,0.6048,2.74
2801,crocodile,0.5071,2.45
2802,non-crocodile,0.5548,2.67
2803,non-crocodile,0.6016,2.34
2804,non-crocodile,0.6058,1.75
2805,crocodile,0.5367,2.52
2806,crocodile,0.537,3.39
2807,crocodile,0.5262,3.11
2808,crocodile,0.6616,2.68
2809,crocodile,0.6132,2.52
2810,non-crocodile,0.5003,2.63
2811,non-crocodile,0.5129,3.01
2812,crocodile,0.5388,2.91
2813,crocodile,0.5478,2.53
2814,crocodile,0.532,2.64
2815,crocodile,0.5736,2.63
2816,crocodile,0.6053,2.59
2817,crocodile,0.7467,2.6
2818,crocodile,0.7208,2.48
2819,crocodile,0.7349,2.49
2820,crocodile,0.7279,1.86
2821,crocodile,0.6847,2.69
2822,crocodile,0.7005,3.33
2823,crocodile,0.6938,3.34
2824,crocodile,0.6449,2.75
2825,crocodile,0.6014,3.16
2826,crocodile,0.6681,2.85
2827,crocodile,0.6043,2.38
2828,crocodile,0.5466,2.42
2829,crocodile,0.8842,3.05
2830,crocodile,0.884,3.0
2831,crocodile,0.8677,2.81
2832,crocodile,0.8764,2.77
2833,crocodile,0.8776,2.12
2834,crocodile,0.8611,2.68
2835,crocodile,0.8687,2.53
2836,crocodile,0.8715,2.65
2837,crocodile,0.8752,2.63
2838,crocodile,0.8756,2.75
2839,crocodile,0.864,2.74
2840,crocodile,0.8749,2.63
2841,crocodile,0.842,2.64
2842,crocodile,0.8601,2.67
2843,crocodile,0.8413,2.75
2844,crocodile,0.8356,2.63
2845,crocodile,0.8455,2.63
2846,crocodile,0.8132,2.68
2847,crocodile,0.7731,2.63
2848,crocodile,0.7664,2.43
2849,crocodile,0.6381,2.11
2850,crocodile,0.7031,3.21
2851,crocodile,0.6821,3.46
2852,crocodile,0.666,3.18
2853,crocodile,0.6876,3.29
2854,crocodile,0.6646,3.41
2855,crocodile,0.5472,3.15
2856,crocodile,0.5627,3.15
2857,crocodile,0.5442,3.13
2858,non-crocodile,0.5339,3.15
2859,non-crocodile,0.6327,3.06
2860,non-crocodile,0.7054,3.01
2861,non-crocodile,0.7896,2.87
2862,non-crocodile,0.6447,2.74
2863,non-crocodile,0.8232,2.45
2864,non-crocodile,0.8487,2.66
2865,non-crocodile,0.7684,2.64
2866,non-crocodile,0.6986,2.72
2867,non-crocodile,0.5622,2.6
2868,crocodile,0.6034,2.58
2869,crocodile,0.6964,2.69
2870,crocodile,0.7447,2.74
2871,crocodile,0.7114,2.69
2872,crocodile,0.525,2.74
2873,non-crocodile,0.8881,2.67
2874,non-crocodile,0.8924,2.64
2875,non-crocodile,0.9247,2.75
2876,non-crocodile,0.9387,2.52
2877,non-crocodile,0.9527,2.58
2878,non-crocodile,0.9595,2.24
2879,non-crocodile,0.9444,2.25
2880,non-crocodile,0.9437,2.69
2881,non-crocodile,0.9523,2.76
2882,non-crocodile,0.9358,2.65
2883,non-crocodile,0.9344,2.69
2884,non-crocodile,0.8891,2.75
2885,non-crocodile,0.8691,2.66
2886,non-crocodile,0.8876,2.49
2887,non-crocodile,0.8682,2.2
2888,non-crocodile,0.8525,2.33
2889,non-crocodile,0.8696,2.23
2890,non-crocodile,0.8399,2.29
2891,crocodile,0.6322,2.17
2892,crocodile,0.63,2.31
2893,crocodile,0.613,2.18
2894,crocodile,0.6391,2.2
2895,crocodile,0.6255,2.2
2896,crocodile,0.6574,2.18
2897,crocodile,0.6326,2.67
2898,crocodile,0.6361,2.69
2899,crocodile,0.628,2.67
2900,crocodile,0.6642,2.78
2901,crocodile,0.6195,2.59
2902,crocodile,0.6506,2.48
2903,crocodile,0.6504,2.44
2904,crocodile,0.6635,3.07
2905,crocodile,0.655,3.2
2906,crocodile,0.6575,3.23
2907,crocodile,0.6364,3.29
2908,crocodile,0.6472,3.25
2909,crocodile,0.6525,2.76
2910,crocodile,0.6836,2.78
2911,crocodile,0.6519,2.64
2912,crocodile,0.6476,2.53
2913,crocodile,0.6124,2.23
2914,crocodile,0.598,2.77
2915,crocodile,0.6012,2.63
2916,crocodile,0.626,2.75
2917,crocodile,0.6015,2.63
2918,crocodile,0.6215,2.74
2919,crocodile,0.6387,2.74
2920,crocodile,0.6418,2.75
2921,crocodile,0.637,2.66
2922,crocodile,0.6355,2.63
2923,crocodile,0.6162,2.75
2924,crocodile,0.599,2.63
2925,crocodile,0.6148,2.6
2926,crocodile,0.625,2.63
2927,crocodile,0.5982,2.62
2928,crocodile,0.5959,2.7
2929,crocodile,0.6096,2.53
2930,crocodile,0.6106,2.64
2931,crocodile,0.625,2.59
2932,crocodile,0.6304,2.49
2933,crocodile,0.6166,2.59
2934,crocodile,0.6305,2.73
2935,crocodile,0.5962,2.67
2936,crocodile,0.5964,2.62
2937,crocodile,0.5853,2.62
2938,crocodile,0.5872,2.63
2939,crocodile,0.5537,2.77
2940,crocodile,0.5526,2.63
2941,crocodile,0.5291,2.46
2942,crocodile,0.537,2.75
2943,crocodile,0.5387,2.67
2944,crocodile,0.5229,2.22
2945,non-crocodile,0.5008,2.68
2946,crocodile,0.5354,2.74
2947,crocodile,0.5087,2.75
2948,crocodile,0.5797,2.66
2949,crocodile,0.5454,2.72
2950,crocodile,0.5657,2.63
2951,crocodile,0.5749,2.25
2952,crocodile,0.5483,2.62
2953,crocodile,0.5677,3.13
2954,crocodile,0.5991,3.14
2955,crocodile,0.5254,3.21
2956,non-crocodile,0.5641,3.26
2957,non-crocodile,0.6141,3.14
2958,non-crocodile,0.6686,2.64
2959,non-crocodile,0.6945,2.56
2960,non-crocodile,0.6546,2.57
2961,non-crocodile,0.7078,2.63
2962,non-crocodile,0.715,2.3
2963,non-crocodile,0.7647,2.15
2964,non-crocodile,0.7432,3.3
2965,non-crocodile,0.7257,3.16
2966,non-crocodile,0.7475,3.33
2967,non-crocodile,0.7343,3.15
2968,non-crocodile,0.6909,2.74
2969,non-crocodile,0.6682,2.29
2970,non-crocodile,0.7157,2.28
2971,non-crocodile,0.7453,2.71
2972,non-crocodile,0.7374,2.59
2973,non-crocodile,0.7607,2.18
2974,non-crocodile,0.7259,2.11
2975,non-crocodile,0.6966,2.17
2976,non-crocodile,0.7375,2.28
2977,non-crocodile,0.7211,2.13
2978,non-crocodile,0.6749,2.22
2979,non-crocodile,0.7123,2.25
2980,non-crocodile,0.7299,2.18
2981,non-crocodile,0.7754,2.31
2982,non-crocodile,0.7905,2.31
2983,non-crocodile,0.7866,2.67
2984,non-crocodile,0.8178,2.65
2985,non-crocodile,0.819,2.61
2986,non-crocodile,0.7983,2.57
2987,non-crocodile,0.7964,2.64
2988,non-crocodile,0.7823,2.65
2989,non-crocodile,0.7627,2.53
2990,non-crocodile,0.7905,2.57
2991,non-crocodile,0.8169,2.26
2992,non-crocodile,0.7764,2.24
2993,non-crocodile,0.7404,2.18
2994,non-crocodile,0.692,2.57
2995,non-crocodile,0.6382,2.63
2996,non-crocodile,0.6299,2.75
2997,non-crocodile,0.6314,2.63
2998,non-crocodile,0.6174,2.64
2999,non-crocodile,0.5354,2.68
3000,crocodile,0.5393,2.43
3001,crocodile,0.5583,1.9
3002,crocodile,0.6268,3.0
3003,crocodile,0.6461,3.26
3004,crocodile,0.7058,3.32
3005,crocodile,0.7436,3.17
3006,crocodile,0.7156,3.15
3007,crocodile,0.6593,3.1
3008,crocodile,0.6373,3.02
3009,crocodile,0.7135,2.6
3010,crocodile,0.7377,2.48
3011,crocodile,0.7968,2.87
3012,crocodile,0.7899,2.5
3013,crocodile,0.7514,2.63
3014,crocodile,0.6432,2.66
3015,crocodile,0.5,2.65
3016,crocodile,0.7289,2.64
3017,crocodile,0.7167,2.7
3018,crocodile,0.7534,2.75
3019,crocodile,0.7467,2.72
3020,crocodile,0.7349,2.74
3021,crocodile,0.7194,2.61
3022,crocodile,0.7941,2.44
3023,crocodile,0.7536,2.04
3024,crocodile,0.7345,3.12
3025,crocodile,0.7304,3.21
3026,crocodile,0.5642,3.31
3027,crocodile,0.5957,2.72
3028,crocodile,0.7079,2.65
3029,crocodile,0.7262,2.4
3030,crocodile,0.6329,2.87
3031,crocodile,0.5997,2.65
3032,crocodile,0.6533,3.1
3033,crocodile,0.5901,2.9
3034,crocodile,0.5641,2.46
3035,crocodile,0.5924,2.68
3036,crocodile,0.5477,2.03
3037,crocodile,0.6001,2.27
3038,crocodile,0.5678,2.58
3039,crocodile,0.5653,2.7
3040,crocodile,0.5766,2.62
3041,crocodile,0.6245,2.01
3042,crocodile,0.6511,2.67
3043,crocodile,0.6579,2.76
3044,non-crocodile,0.5217,2.74
3045,crocodile,0.5227,2.64
3046,non-crocodile,0.7951,2.45
3047,non-crocodile,0.7749,2.17
3048,non-crocodile,0.6755,2.64
3049,non-crocodile,0.666,2.76
3050,non-crocodile,0.6204,2.25
3051,non-crocodile,0.6153,2.56
3052,non-crocodile,0.8298,2.66
3053,non-crocodile,0.8735,2.47
3054,non-crocodile,0.7827,2.15
3055,non-crocodile,0.9364,2.08
3056,non-crocodile,0.8934,3.44
3057,non-crocodile,0.839,2.64
3058,non-crocodile,0.7795,2.52
3059,non-crocodile,0.7761,2.64
3060,non-crocodile,0.5572,2.43
3061,non-crocodile,0.5635,2.44
3062,crocodile,0.5113,2.42
3063,non-crocodile,0.6626,2.18
3064,non-crocodile,0.6399,2.28
3065,non-crocodile,0.7776,1.98
3066,non-crocodile,0.7887,2.11
3067,non-crocodile,0.8904,2.11
3068,non-crocodile,0.8562,2.7
3069,non-crocodile,0.8249,2.63
3070,non-crocodile,0.8107,2.69
3071,non-crocodile,0.8732,2.63
3072,non-crocodile,0.8479,2.12
3073,non-crocodile,0.7899,2.15
3074,non-crocodile,0.7917,3.16
3075,non-crocodile,0.792,3.32
3076,non-crocodile,0.8015,3.33
3077,non-crocodile,0.7964,3.29
3078,non-crocodile,0.8231,3.34
3079,non-crocodile,0.8338,3.18
3080,non-crocodile,0.8378,3.13
3081,non-crocodile,0.8464,3.18
3082,non-crocodile,0.853,3.01
3083,non-crocodile,0.8516,2.76
3084,non-crocodile,0.8528,2.91
3085,non-crocodile,0.8655,2.92
3086,non-crocodile,0.863,2.71
3087,non-crocodile,0.87,2.53
3088,non-crocodile,0.8598,2.53
3089,non-crocodile,0.8408,2.6
3090,non-crocodile,0.8183,2.63
3091,non-crocodile,0.8101,2.58
3092,non-crocodile,0.7654,2.53
3093,non-crocodile,0.7678,2.76
3094,non-crocodile,0.781,2.2
3095,non-crocodile,0.7686,3.32
3096,non-crocodile,0.7503,3.05
3097,non-crocodile,0.7475,3.01
3098,non-crocodile,0.7587,2.63
3099,non-crocodile,0.7486,2.5
3100,non-crocodile,0.743,2.49
3101,non-crocodile,0.7396,2.5
3102,non-crocodile,0.7438,2.44
3103,non-crocodile,0.7112,2.35
3104,non-crocodile,0.7204,2.36
3105,non-crocodile,0.7254,2.26
3106,non-crocodile,0.7406,2.1
3107,non-crocodile,0.766,2.62
3108,non-crocodile,0.7673,2.19
3109,non-crocodile,0.7763,2.62
3110,non-crocodile,0.77,2.62
3111,non-crocodile,0.7872,2.7
3112,non-crocodile,0.7954,2.74
3113,non-crocodile,0.7856,2.36
3114,non-crocodile,0.7531,2.73
3115,non-crocodile,0.7013,2.74
3116,non-crocodile,0.7183,2.5
3117,non-crocodile,0.6816,2.54
3118,non-crocodile,0.618,2.42
3119,non-crocodile,0.6211,2.68
3120,non-crocodile,0.6325,2.81
3121,non-crocodile,0.5998,2.65
3122,non-crocodile,0.6188,2.71
3123,non-crocodile,0.6204,2.64
3124,non-crocodile,0.6001,2.23
3125,non-crocodile,0.6299,2.22
3126,non-crocodile,0.6011,2.25
3127,non-crocodile,0.5804,2.25
3128,non-crocodile,0.5838,2.63
3129,non-crocodile,0.5995,2.68
3130,non-crocodile,0.5883,2.7
3131,non-crocodile,0.5013,2.66
3132,crocodile,0.5434,2.69
3133,crocodile,0.594,2.63
3134,crocodile,0.6517,2.66
3135,crocodile,0.6593,2.52
3136,crocodile,0.6804,2.19
3137,crocodile,0.7373,2.68
3138,crocodile,0.77,2.83
3139,crocodile,0.7706,2.71
3140,non-crocodile,0.6238,2.47
3141,crocodile,0.511,2.67
3142,non-crocodile,0.5291,2.67
3143,non-crocodile,0.7123,2.25
3144,non-crocodile,0.7911,2.65
3145,non-crocodile,0.747,2.79
3146,non-crocodile,0.7545,2.63
3147,non-crocodile,0.7036,2.74
3148,non-crocodile,0.5983,2.62
3149,non-crocodile,0.5626,2.64
3150,crocodile,0.5924,2.48
3151,crocodile,0.655,1.89
3152,crocodile,0.6064,3.31
3153,crocodile,0.6435,2.8
3154,crocodile,0.6561,3.28
3155,crocodile,0.6153,3.2
3156,crocodile,0.5663,3.32
3157,crocodile,0.5839,2.81
3158,non-crocodile,0.5164,2.66
3159,non-crocodile,0.5051,2.71
3160,crocodile,0.5588,2.68
3161,crocodile,0.5725,2.58
3162,crocodile,0.5209,2.69
3163,non-crocodile,0.5604,2.44
3164,non-crocodile,0.5228,2.75
3165,crocodile,0.5662,2.68
3166,non-crocodile,0.5172,2.61
3167,non-crocodile,0.5726,2.63
3168,non-crocodile,0.6066,2.73
3169,non-crocodile,0.6779,2.73
3170,non-crocodile,0.687,2.63
3171,non-crocodile,0.6831,2.66
3172,non-crocodile,0.7991,2.7
3173,non-crocodile,0.8621,2.66
3174,non-crocodile,0.8228,2.76
3175,non-crocodile,0.8624,2.71
3176,non-crocodile,0.7947,2.68
3177,non-crocodile,0.8383,2.46
3178,non-crocodile,0.8205,2.63
3179,non-crocodile,0.8321,2.53
3180,non-crocodile,0.867,2.63
3181,non-crocodile,0.7905,2.62
3182,non-crocodile,0.8316,2.42
3183,non-crocodile,0.8876,2.58
3184,non-crocodile,0.8638,2.44
3185,non-crocodile,0.8398,2.69
3186,non-crocodile,0.8398,2.2
3187,non-crocodile,0.8531,2.25
3188,non-crocodile,0.847,2.63
3189,non-crocodile,0.8395,2.74
3190,non-crocodile,0.8498,2.7
3191,non-crocodile,0.8683,2.74
3192,non-crocodile,0.8689,2.62
3193,non-crocodile,0.8374,2.63
3194,non-crocodile,0.8402,2.47
3195,non-crocodile,0.8411,2.62
3196,non-crocodile,0.7855,2.17
3197,non-crocodile,0.7496,2.28
3198,non-crocodile,0.786,2.74
3199,non-crocodile,0.7981,2.66
3200,crocodile,0.8945,2.62
3201,crocodile,0.8773,2.58
3202,crocodile,0.8823,2.58
3203,crocodile,0.8722,2.36
3204,crocodile,0.8784,2.59
3205,crocodile,0.8777,3.13
3206,crocodile,0.8727,3.16
3207,crocodile,0.8737,3.04
3208,crocodile,0.8806,3.14
3209,crocodile,0.8762,3.26
3210,crocodile,0.8358,2.34
3211,crocodile,0.8771,2.62
3212,crocodile,0.88,2.45
3213,crocodile,0.8628,2.62
3214,crocodile,0.858,2.18
3215,crocodile,0.8211,2.63
3216,crocodile,0.8179,2.1
3217,crocodile,0.8424,3.49
3218,crocodile,0.8465,3.15
3219,crocodile,0.8408,3.31
3220,crocodile,0.823,3.15
3221,crocodile,0.8387,3.25
3222,crocodile,0.7998,2.51
3223,crocodile,0.8086,2.44
3224,crocodile,0.7876,3.14
3225,crocodile,0.7789,2.99
3226,crocodile,0.7939,2.61
3227,crocodile,0.812,2.69
3228,crocodile,0.831,2.63
3229,crocodile,0.7864,2.63
3230,crocodile,0.7855,2.17
3231,crocodile,0.799,2.22
3232,crocodile,0.799,2.17
3233,crocodile,0.8112,2.17
3234,crocodile,0.8187,2.24
3235,crocodile,0.785,2.09
3236,crocodile,0.8023,2.17
3237,crocodile,0.8084,2.17
3238,crocodile,0.7953,2.24
3239,crocodile,0.794,2.25
3240,crocodile,0.8152,2.12
3241,crocodile,0.8106,2.16
3242,crocodile,0.7914,2.73
3243,crocodile,0.7788,2.76
3244,crocodile,0.7637,2.81
3245,crocodile,0.7918,2.66
3246,crocodile,0.7868,2.74
3247,crocodile,0.7704,2.62
3248,crocodile,0.7643,2.73
3249,crocodile,0.7547,2.51
3250,crocodile,0.7527,2.52
3251,crocodile,0.7434,1.99
3252,crocodile,0.7498,3.16
3253,crocodile,0.7693,3.29
3254,crocodile,0.7898,3.28
3255,crocodile,0.806,3.32
3256,crocodile,0.7989,3.33
3257,crocodile,0.8089,2.64
3258,crocodile,0.8093,2.51
3259,crocodile,0.8005,2.42
3260,crocodile,0.8176,2.86
3261,crocodile,0.796,2.73
3262,crocodile,0.7845,2.47
3263,crocodile,0.773,2.62
3264,crocodile,0.7669,2.75
3265,crocodile,0.7779,2.39
3266,crocodile,0.7689,2.24
3267,crocodile,0.6927,2.3
3268,crocodile,0.6698,2.73
3269,crocodile,0.704,2.52
3270,crocodile,0.7414,2.25
3271,crocodile,0.7737,2.17
3272,crocodile,0.7665,2.64
3273,crocodile,0.7895,2.6
3274,crocodile,0.7997,2.63
3275,crocodile,0.7854,2.63
3276,crocodile,0.8072,2.64
3277,crocodile,0.8061,2.63
3278,crocodile,0.8226,2.73
3279,crocodile,0.846,2.7
3280,crocodile,0.8203,2.71
3281,crocodile,0.7966,2.74
3282,crocodile,0.7931,2.53
3283,crocodile,0.7805,2.75
3284,crocodile,0.7725,2.23
3285,crocodile,0.767,2.15
3286,crocodile,0.7711,2.41
3287,crocodile,0.7712,2.53
3288,crocodile,0.7845,2.74
3289,crocodile,0.776,2.64
3290,crocodile,0.7562,2.68
3291,crocodile,0.7441,2.71
3292,crocodile,0.7467,2.71
3293,crocodile,0.7285,2.62
3294,crocodile,0.7205,2.11
3295,crocodile,0.722,2.69
3296,crocodile,0.7206,2.74
3297,crocodile,0.7262,2.18
3298,crocodile,0.7175,2.25
3299,crocodile,0.7206,2.52
3300,crocodile,0.7254,2.1
3301,crocodile,0.7191,2.03
3302,crocodile,0.7274,2.53
3303,crocodile,0.7209,2.56
3304,crocodile,0.7044,2.56
3305,crocodile,0.708,2.52
3306,crocodile,0.7096,2.85
3307,crocodile,0.7035,2.44
3308,crocodile,0.6952,2.19
3309,crocodile,0.6833,2.16
3310,crocodile,0.6727,2.21
3311,crocodile,0.6581,2.69
3312,crocodile,0.6596,2.59
3313,crocodile,0.6632,2.64
3314,crocodile,0.6752,2.08
3315,crocodile,0.681,2.67
3316,crocodile,0.6827,2.81
3317,crocodile,0.7005,2.63
3318,crocodile,0.692,2.52
3319,crocodile,0.6908,2.68
3320,crocodile,0.6944,2.74
3321,crocodile,0.6957,2.25
3322,non-crocodile,0.8608,2.12
3323,non-crocodile,0.8391,2.62
3324,non-crocodile,0.8469,2.69
3325,non-crocodile,0.8337,2.74
3326,non-crocodile,0.8409,2.25
3327,non-crocodile,0.8283,2.66
3328,non-crocodile,0.8295,2.74
3329,non-crocodile,0.8519,2.8
3330,non-crocodile,0.8704,2.74
3331,non-crocodile,0.8528,2.74
3332,non-crocodile,0.8623,2.56
3333,non-crocodile,0.8328,2.52
3334,non-crocodile,0.8391,2.73
3335,non-crocodile,0.8617,2.62
3336,non-crocodile,0.8426,2.11
3337,non-crocodile,0.8196,2.69
3338,non-crocodile,0.8381,2.42
3339,non-crocodile,0.8397,2.17
3340,non-crocodile,0.8273,2.25
3341,non-crocodile,0.8432,2.73
3342,non-crocodile,0.8286,2.74
3343,non-crocodile,0.86,2.74
3344,non-crocodile,0.8684,2.7
3345,non-crocodile,0.8572,2.43
3346,non-crocodile,0.8537,2.17
3347,non-crocodile,0.8649,3.21
3348,non-crocodile,0.8838,3.16
3349,non-crocodile,0.8902,3.17
3350,non-crocodile,0.8898,3.31
3351,non-crocodile,0.8968,3.22
3352,non-crocodile,0.8764,3.14
3353,non-crocodile,0.8509,2.91
3354,non-crocodile,0.8483,2.37
3355,non-crocodile,0.8182,2.42
3356,non-crocodile,0.8037,2.32
3357,non-crocodile,0.7773,2.33
3358,non-crocodile,0.7973,2.18
3359,non-crocodile,0.8101,2.09
3360,non-crocodile,0.809,2.15
3361,non-crocodile,0.8321,2.12
3362,non-crocodile,0.815,2.21
3363,non-crocodile,0.8012,2.17
3364,non-crocodile,0.7714,1.84
3365,non-crocodile,0.7682,2.68
3366,non-crocodile,0.7651,2.74
3367,non-crocodile,0.7679,2.44
3368,non-crocodile,0.791,2.15
3369,non-crocodile,0.7837,2.13
3370,non-crocodile,0.7908,2.67
3371,non-crocodile,0.782,2.67
3372,non-crocodile,0.792,2.62
3373,non-crocodile,0.8049,2.09
3374,non-crocodile,0.8015,1.8
3375,non-crocodile,0.7904,2.69
3376,non-crocodile,0.799,3.31
3377,non-crocodile,0.8037,3.38
3378,non-crocodile,0.7931,3.33
3379,non-crocodile,0.7728,3.33
3380,non-crocodile,0.7779,2.69
3381,non-crocodile,0.7593,2.66
3382,non-crocodile,0.7531,2.55
3383,non-crocodile,0.7427,2.72
3384,non-crocodile,0.7403,2.67
3385,non-crocodile,0.7499,2.75
3386,non-crocodile,0.7497,2.74
3387,non-crocodile,0.7763,2.63
3388,non-crocodile,0.7841,2.64
3389,non-crocodile,0.8097,2.24
3390,non-crocodile,0.8709,2.63
3391,non-crocodile,0.8489,2.77
3392,non-crocodile,0.8975,2.63
3393,non-crocodile,0.8771,2.63
3394,non-crocodile,0.9105,2.33
3395,non-crocodile,0.9075,2.18
3396,non-crocodile,0.9223,2.25
3397,non-crocodile,0.9198,2.71
3398,non-crocodile,0.9006,2.61
3399,non-crocodile,0.8948,2.77
3400,non-crocodile,0.8672,2.21
3401,non-crocodile,0.8814,2.51
3402,non-crocodile,0.87,2.77
3403,non-crocodile,0.8479,3.24
3404,non-crocodile,0.8203,3.38
3405,non-crocodile,0.8452,3.26
3406,non-crocodile,0.8589,3.34
3407,non-crocodile,0.8685,3.05
3408,non-crocodile,0.8728,2.62
3409,non-crocodile,0.8803,2.97
3410,non-crocodile,0.8894,2.87
3411,non-crocodile,0.9063,3.06
3412,non-crocodile,0.9065,3.06
3413,non-crocodile,0.911,2.87
3414,non-crocodile,0.9187,2.55
3415,non-crocodile,0.9254,2.52
3416,non-crocodile,0.9183,2.34
3417,non-crocodile,0.9262,2.68
3418,non-crocodile,0.9136,2.27
3419,non-crocodile,0.9255,2.23
3420,non-crocodile,0.9154,2.6
3421,non-crocodile,0.9046,2.8
3422,non-crocodile,0.8997,2.64
3423,non-crocodile,0.9056,2.52
3424,non-crocodile,0.9021,2.21
3425,non-crocodile,0.8924,2.6
3426,non-crocodile,0.8881,2.67
3427,non-crocodile,0.8788,2.54
3428,non-crocodile,0.872,2.65
3429,non-crocodile,0.863,3.16
3430,non-crocodile,0.8563,2.59
3431,non-crocodile,0.8483,2.46
3432,non-crocodile,0.8499,2.45
3433,non-crocodile,0.8567,2.62
3434,non-crocodile,0.8405,2.66
3435,non-crocodile,0.8332,2.56
3436,non-crocodile,0.8428,2.56
3437,non-crocodile,0.8264,2.76
3438,non-crocodile,0.8031,2.55
3439,non-crocodile,0.7774,2.77
3440,non-crocodile,0.7662,2.76
3441,non-crocodile,0.7749,2.83
3442,non-crocodile,0.7572,2.64
3443,non-crocodile,0.7459,2.66
3444,non-crocodile,0.7407,2.77
3445,non-crocodile,0.7466,2.66
3446,non-crocodile,0.7409,2.74
3447,non-crocodile,0.7389,2.74
3448,non-crocodile,0.7441,2.25
3449,non-crocodile,0.7449,2.18
3450,non-crocodile,0.7552,3.32
3451,non-crocodile,0.7569,3.33
3452,non-crocodile,0.748,3.36
3453,non-crocodile,0.735,2.99
3454,non-crocodile,0.7444,2.89
3455,non-crocodile,0.7192,3.14
3456,non-crocodile,0.7309,3.14
3457,non-crocodile,0.723,3.01
3458,non-crocodile,0.7466,3.17
3459,non-crocodile,0.7416,3.11
3460,non-crocodile,0.72,3.01
3461,non-crocodile,0.6996,2.89
3462,non-crocodile,0.7029,2.91
3463,non-crocodile,0.7214,2.45
3464,non-crocodile,0.7363,2.59
3465,non-crocodile,0.7305,2.36
3466,non-crocodile,0.7257,2.63
3467,non-crocodile,0.7197,2.58
3468,non-crocodile,0.7297,2.63
3469,non-crocodile,0.7223,2.49
3470,non-crocodile,0.7211,2.22
3471,crocodile,0.5845,2.13
3472,crocodile,0.5955,3.35
3473,crocodile,0.5849,3.33
3474,crocodile,0.5814,2.94
3475,crocodile,0.5684,3.34
3476,crocodile,0.5649,3.18
3477,crocodile,0.5765,2.59
3478,crocodile,0.5681,2.78
3479,crocodile,0.5604,2.69
3480,crocodile,0.5746,2.71
3481,crocodile,0.567,2.64
3482,crocodile,0.5639,2.64
3483,crocodile,0.564,2.53
3484,crocodile,0.5443,2.73
3485,crocodile,0.5404,2.68
3486,crocodile,0.5365,2.69
3487,crocodile,0.5281,2.66
3488,crocodile,0.5436,2.57
3489,crocodile,0.5263,2.59
3490,crocodile,0.5393,2.64
3491,crocodile,0.5247,2.65
3492,crocodile,0.5503,2.73
3493,crocodile,0.5295,2.53
3494,crocodile,0.57,2.77
3495,crocodile,0.5097,2.69
3496,crocodile,0.5199,2.7
3497,non-crocodile,0.5058,2.64
3498,crocodile,0.5273,2.7
3499,crocodile,0.5273,2.72
3500,non-crocodile,0.5032,2.72
3501,non-crocodile,0.544,2.36
3502,non-crocodile,0.5584,2.5
3503,non-crocodile,0.5053,2.55
3504,non-crocodile,0.5128,3.25
3505,non-crocodile,0.5163,3.21
3506,crocodile,0.5206,3.15
3507,non-crocodile,0.5078,3.18
3508,non-crocodile,0.5176,3.14
3509,non-crocodile,0.5564,2.72
3510,non-crocodile,0.5134,3.11
3511,non-crocodile,0.5574,2.98
3512,non-crocodile,0.5959,2.88
3513,non-crocodile,0.5675,3.08
3514,crocodile,0.5278,2.49
3515,non-crocodile,0.5105,2.34
3516,crocodile,0.5243,2.5
3517,non-crocodile,0.5152,2.57
3518,non-crocodile,0.6052,2.14
3519,non-crocodile,0.6647,2.11
3520,non-crocodile,0.6583,1.76
3521,non-crocodile,0.6463,2.78
3522,non-crocodile,0.6252,2.74
3523,crocodile,0.5003,2.75
3524,crocodile,0.5653,2.7
3525,crocodile,0.6328,3.09
3526,crocodile,0.6235,3.11
3527,crocodile,0.6392,2.94
3528,crocodile,0.6078,3.01
3529,crocodile,0.6308,2.81
3530,crocodile,0.6575,2.91
3531,crocodile,0.6624,2.53
3532,crocodile,0.5083,2.69
3533,non-crocodile,0.625,2.65
3534,non-crocodile,0.6798,2.6
3535,non-crocodile,0.693,2.75
3536,non-crocodile,0.7088,2.63
3537,non-crocodile,0.7323,2.61
3538,non-crocodile,0.7512,2.63
3539,non-crocodile,0.7846,2.56
3540,non-crocodile,0.7947,2.68
3541,non-crocodile,0.8155,2.67
3542,non-crocodile,0.745,2.33
3543,non-crocodile,0.8058,2.61
3544,non-crocodile,0.8285,2.55
3545,non-crocodile,0.7554,2.68
3546,non-crocodile,0.6826,2.64
3547,non-crocodile,0.5667,2.67
3548,non-crocodile,0.5784,2.75
3549,non-crocodile,0.6284,2.67
3550,non-crocodile,0.6078,2.67
3551,non-crocodile,0.6589,2.59
3552,non-crocodile,0.7148,2.64
3553,non-crocodile,0.7485,2.5
3554,non-crocodile,0.7647,3.25
3555,non-crocodile,0.8233,3.33
3556,non-crocodile,0.8263,3.16
3557,non-crocodile,0.8098,3.32
3558,non-crocodile,0.839,2.38
3559,crocodile,0.8315,2.35
3560,crocodile,0.8125,2.19
3561,crocodile,0.807,2.15
3562,crocodile,0.8198,2.23
3563,crocodile,0.8168,2.68
3564,crocodile,0.8194,2.75
3565,crocodile,0.7573,2.7
3566,crocodile,0.7867,2.52
3567,crocodile,0.7789,2.48
3568,crocodile,0.7796,2.38
3569,crocodile,0.8026,2.28
3570,crocodile,0.7242,2.16
3571,crocodile,0.6268,2.18
3572,crocodile,0.6402,2.2
3573,crocodile,0.6057,2.18
3574,crocodile,0.544,2.26
3575,crocodile,0.5503,2.21
3576,crocodile,0.691,2.16
3577,crocodile,0.7412,1.94
3578,crocodile,0.7665,2.48
3579,crocodile,0.7521,2.59
3580,crocodile,0.7149,2.56
3581,crocodile,0.743,2.55
3582,crocodile,0.7672,3.16
3583,crocodile,0.7583,3.11
3584,crocodile,0.7578,3.02
3585,crocodile,0.7813,3.0
3586,crocodile,0.8065,2.88
3587,crocodile,0.8039,2.87
3588,crocodile,0.778,2.83
3589,crocodile,0.7698,2.77
3590,crocodile,0.7903,2.53
3591,crocodile,0.8094,2.63
3592,crocodile,0.8221,2.64
3593,crocodile,0.8367,2.56
3594,crocodile,0.8605,2.67
3595,crocodile,0.86,2.56
3596,crocodile,0.8487,2.75
3597,crocodile,0.8623,2.72
3598,crocodile,0.8601,2.65
3599,crocodile,0.8478,2.74
3600,crocodile,0.8155,2.7
3601,crocodile,0.8542,2.5
3602,crocodile,0.5368,2.66
3603,crocodile,0.7812,2.59
3604,crocodile,0.6239,2.65
3605,crocodile,0.7885,2.68
3606,crocodile,0.8757,2.52
3607,crocodile,0.8292,2.73
3608,crocodile,0.7615,2.68
3609,crocodile,0.7308,2.57
3610,crocodile,0.7523,2.19
3611,crocodile,0.7519,2.78
3612,crocodile,0.7908,2.76
3613,crocodile,0.7528,2.71
3614,crocodile,0.5798,2.61
3615,non-crocodile,0.6393,2.18
3616,non-crocodile,0.906,2.2
3617,non-crocodile,0.5776,2.18
3618,non-crocodile,0.6549,2.2
3619,crocodile,0.5533,2.25
3620,crocodile,0.5466,2.18
3621,crocodile,0.7339,2.25
3622,crocodile,0.6481,2.3
3623,non-crocodile,0.514,2.61
3624,crocodile,0.534,2.5
3625,non-crocodile,0.5338,2.55
3626,non-crocodile,0.6999,2.65
3627,non-crocodile,0.8402,2.23
3628,crocodile,0.8147,2.43
3629,crocodile,0.9292,2.77
3630,crocodile,0.9063,2.6
3631,crocodile,0.8979,2.79
3632,crocodile,0.8907,2.69
3633,crocodile,0.8732,2.68
3634,crocodile,0.8684,2.62
3635,crocodile,0.8626,2.51
3636,crocodile,0.8426,2.21
3637,crocodile,0.5316,2.15
3638,crocodile,0.5134,2.18
3639,non-crocodile,0.5047,2.17
3640,crocodile,0.5402,2.18
3641,non-crocodile,0.5148,2.15
3642,crocodile,0.5077,2.18
3643,non-crocodile,0.5866,2.26
3644,non-crocodile,0.6159,2.2
3645,non-crocodile,0.6249,2.26
3646,non-crocodile,0.6801,2.22
3647,non-crocodile,0.7189,2.2
3648,non-crocodile,0.7071,2.53
3649,non-crocodile,0.6496,2.26
3650,non-crocodile,0.6587,2.18
3651,non-crocodile,0.6711,2.48
3652,non-crocodile,0.5757,2.71
3653,non-crocodile,0.5709,2.55
3654,non-crocodile,0.6154,3.12
3655,non-crocodile,0.665,2.66
3656,non-crocodile,0.6654,2.53
3657,non-crocodile,0.6768,2.6
3658,non-crocodile,0.6354,2.53
3659,non-crocodile,0.6768,2.19
3660,non-crocodile,0.5873,2.18
3661,non-crocodile,0.6384,2.77
3662,non-crocodile,0.6658,2.75
3663,non-crocodile,0.5621,2.28
3664,crocodile,0.5049,2.23
3665,crocodile,0.5417,2.26
3666,non-crocodile,0.5081,1.94
3667,crocodile,0.54,2.25
3668,crocodile,0.5772,2.63
3669,crocodile,0.6486,2.57
3670,crocodile,0.6273,2.65
3671,crocodile,0.6289,2.25
3672,crocodile,0.63,2.62
3673,crocodile,0.626,2.74
3674,crocodile,0.6239,2.7
3675,crocodile,0.6192,2.74
3676,crocodile,0.6389,2.66
3677,crocodile,0.5589,2.74
3678,crocodile,0.5663,2.7
3679,crocodile,0.5716,2.62
3680,crocodile,0.5564,2.63
3681,crocodile,0.5748,2.74
3682,crocodile,0.5928,2.75
3683,crocodile,0.5686,2.67
3684,crocodile,0.5104,2.7
3685,crocodile,0.5242,2.63
3686,crocodile,0.5088,2.7
3687,crocodile,0.5188,2.56
3688,crocodile,0.5173,2.3
3689,crocodile,0.5189,2.19
3690,crocodile,0.5168,2.28
3691,non-crocodile,0.5197,2.21
3692,non-crocodile,0.5641,2.15
3693,non-crocodile,0.5653,2.22
3694,non-crocodile,0.6195,2.18
3695,non-crocodile,0.6076,2.19
3696,non-crocodile,0.6169,2.63
3697,non-crocodile,0.6213,2.74
3698,non-crocodile,0.5785,2.64
3699,non-crocodile,0.5818,2.66
3700,non-crocodile,0.5435,2.64
3701,non-crocodile,0.5334,2.47
3702,non-crocodile,0.5433,2.65
3703,non-crocodile,0.5523,2.69
3704,non-crocodile,0.5404,2.8
3705,non-crocodile,0.5759,3.09
3706,non-crocodile,0.5815,3.34
3707,non-crocodile,0.6056,3.25
3708,non-crocodile,0.6071,3.4
3709,non-crocodile,0.6012,2.57
3710,non-crocodile,0.5856,2.22
3711,non-crocodile,0.567,2.1
3712,non-crocodile,0.561,2.43
3713,non-crocodile,0.5866,2.1
3714,non-crocodile,0.6054,2.64
3715,non-crocodile,0.6081,2.74
3716,non-crocodile,0.605,2.53
3717,non-crocodile,0.6005,2.47
3718,non-crocodile,0.8778,2.28
3719,non-crocodile,0.8591,2.21
3720,non-crocodile,0.855,2.42
3721,non-crocodile,0.8511,2.75
3722,non-crocodile,0.8688,2.63
3723,non-crocodile,0.8589,2.65
3724,non-crocodile,0.87,2.11
3725,non-crocodile,0.8692,2.74
3726,non-crocodile,0.8607,2.68
3727,non-crocodile,0.7741,2.71
3728,non-crocodile,0.8259,2.7
3729,non-crocodile,0.9338,2.78
3730,non-crocodile,0.9648,2.62
3731,non-crocodile,0.9739,2.61
3732,non-crocodile,0.9718,2.5
3733,non-crocodile,0.9773,2.19
3734,non-crocodile,0.9702,3.39
3735,non-crocodile,0.907,3.35
3736,non-crocodile,0.9266,2.81
3737,non-crocodile,0.9143,2.63
3738,non-crocodile,0.9203,2.62
3739,non-crocodile,0.7799,2.41
3740,non-crocodile,0.8216,2.43
3741,non-crocodile,0.7874,2.46
3742,non-crocodile,0.743,2.87
3743,non-crocodile,0.6753,3.01
3744,non-crocodile,0.5902,2.5
3745,non-crocodile,0.5531,2.62
3746,crocodile,0.5425,2.52
3747,crocodile,0.5993,2.54
3748,crocodile,0.6338,2.17
3749,crocodile,0.6376,2.75
3750,crocodile,0.6409,2.69
3751,crocodile,0.6207,2.57
3752,crocodile,0.5588,2.37
3753,crocodile,0.58,1.92
3754,crocodile,0.5837,3.37
3755,crocodile,0.556,3.29
3756,crocodile,0.56,3.28
3757,crocodile,0.588,3.16
3758,crocodile,0.5785,3.34
3759,crocodile,0.5879,3.1
3760,crocodile,0.6119,3.14
3761,crocodile,0.6237,3.06
3762,crocodile,0.5993,3.04
3763,crocodile,0.5562,2.55
3764,crocodile,0.5377,2.66
3765,crocodile,0.5347,2.61
3766,crocodile,0.5419,2.59
3767,crocodile,0.5119,2.55
3768,crocodile,0.5414,2.21
3769,crocodile,0.5176,2.11
3770,crocodile,0.5115,2.0
3771,non-crocodile,0.5341,2.04
3772,non-crocodile,0.5327,3.33
3773,non-crocodile,0.5466,3.29
3774,non-crocodile,0.5148,3.35
3775,non-crocodile,0.5117,3.33
3776,non-crocodile,0.5112,3.33
3777,non-crocodile,0.5237,3.11
3778,non-crocodile,0.5346,3.18
3779,non-crocodile,0.5353,3.01
3780,non-crocodile,0.5508,3.03
3781,non-crocodile,0.5508,3.02
3782,non-crocodile,0.5619,2.9
3783,non-crocodile,0.5361,2.7
3784,non-crocodile,0.5261,2.75
3785,non-crocodile,0.5531,2.55
3786,non-crocodile,0.5552,2.57
3787,non-crocodile,0.5452,2.58
3788,non-crocodile,0.5484,2.43
3789,non-crocodile,0.5721,2.47
3790,non-crocodile,0.5874,2.61
3791,non-crocodile,0.5783,2.67
3792,non-crocodile,0.5667,2.11
3793,non-crocodile,0.5666,3.32
3794,non-crocodile,0.5457,3.43
3795,non-crocodile,0.5497,3.4
3796,non-crocodile,0.5455,3.34
3797,non-crocodile,0.5689,3.24
3798,non-crocodile,0.588,3.0
3799,non-crocodile,0.5759,2.65
3800,non-crocodile,0.5666,2.71
3801,non-crocodile,0.5674,2.79
3802,non-crocodile,0.5696,2.65
3803,non-crocodile,0.579,2.34
3804,non-crocodile,0.5683,2.76
3805,non-crocodile,0.577,2.64
3806,non-crocodile,0.5956,2.64
3807,non-crocodile,0.5956,2.58
3808,non-crocodile,0.6024,2.15
3809,non-crocodile,0.586,2.12
3810,non-crocodile,0.5452,2.16
3811,non-crocodile,0.5454,2.21
3812,non-crocodile,0.5705,2.13
3813,non-crocodile,0.5762,2.7
3814,non-crocodile,0.5439,2.74
3815,non-crocodile,0.5562,2.63
3816,non-crocodile,0.575,2.68
3817,non-crocodile,0.5603,2.67
3818,non-crocodile,0.5828,1.8
3819,non-crocodile,0.5801,2.24
3820,non-crocodile,0.5913,2.17
3821,non-crocodile,0.652,2.13
3822,non-crocodile,0.7009,2.1
3823,non-crocodile,0.6868,2.18
3824,non-crocodile,0.7444,2.18
3825,non-crocodile,0.7625,2.25
3826,non-crocodile,0.7877,2.2
3827,non-crocodile,0.8141,2.63
3828,crocodile,0.7793,2.68
3829,crocodile,0.7913,2.74
3830,crocodile,0.78,2.63
3831,crocodile,0.7815,2.56
3832,crocodile,0.7892,2.53
3833,crocodile,0.8,2.18
3834,crocodile,0.8036,2.15
3835,crocodile,0.8025,2.25
3836,crocodile,0.7887,2.18
3837,crocodile,0.7782,2.2
3838,crocodile,0.7864,2.22
3839,crocodile,0.7989,2.25
3840,crocodile,0.7976,2.69
3841,crocodile,0.8073,2.59
3842,crocodile,0.7983,2.8
3843,crocodile,0.7946,2.71
3844,crocodile,0.7919,2.7
3845,crocodile,0.7882,2.53
3846,crocodile,0.7808,2.58
3847,crocodile,0.7768,2.71
3848,crocodile,0.7646,2.62
3849,crocodile,0.7323,2.75
3850,crocodile,0.7229,2.75
3851,crocodile,0.7278,2.33
3852,crocodile,0.7156,2.07
3853,crocodile,0.7238,2.6
3854,crocodile,0.7296,3.35
3855,crocodile,0.7342,3.28
3856,crocodile,0.7497,3.36
3857,crocodile,0.7506,3.41
3858,crocodile,0.7358,2.71
3859,crocodile,0.7662,2.56
3860,crocodile,0.7512,2.3
3861,crocodile,0.7662,2.61
3862,crocodile,0.7875,2.69
3863,crocodile,0.7828,2.64
3864,crocodile,0.7684,2.5
3865,crocodile,0.7826,2.67
3866,crocodile,0.7677,2.26
3867,crocodile,0.7842,2.24
3868,crocodile,0.7985,2.29
3869,crocodile,0.8095,2.74
3870,crocodile,0.813,2.65
3871,crocodile,0.8061,2.6
3872,crocodile,0.8096,2.23
3873,crocodile,0.812,2.18
3874,crocodile,0.8034,2.24
3875,crocodile,0.806,2.17
3876,crocodile,0.795,2.79
3877,crocodile,0.8048,2.7
3878,crocodile,0.8018,2.52
3879,crocodile,0.798,2.22
3880,crocodile,0.7914,2.27
3881,crocodile,0.7797,2.26
3882,crocodile,0.783,2.58
3883,crocodile,0.7862,2.59
3884,crocodile,0.7932,2.75
3885,crocodile,0.788,2.63
3886,crocodile,0.764,2.74
3887,crocodile,0.7765,2.75
3888,crocodile,0.7902,2.75
3889,crocodile,0.7809,2.63
3890,crocodile,0.7758,2.75
3891,crocodile,0.7696,2.8
3892,crocodile,0.7695,2.77
3893,crocodile,0.7536,2.66
3894,crocodile,0.7352,2.53
3895,crocodile,0.7545,2.29
3896,crocodile,0.7343,2.05
3897,crocodile,0.7353,3.22
3898,crocodile,0.7206,3.23
3899,crocodile,0.7357,3.29
3900,crocodile,0.721,3.33
3901,crocodile,0.7151,3.01
3902,crocodile,0.7545,2.29
3903,crocodile,0.7777,2.6
3904,crocodile,0.7592,2.64
3905,crocodile,0.7694,2.8
3906,crocodile,0.752,2.73
3907,crocodile,0.7829,2.74
3908,crocodile,0.7694,2.78
3909,crocodile,0.7723,2.72
3910,crocodile,0.7659,2.53
3911,crocodile,0.7926,2.53
3912,crocodile,0.8002,2.63
3913,crocodile,0.7929,1.83
3914,crocodile,0.7858,2.21
3915,crocodile,0.7871,2.23
3916,crocodile,0.7541,2.29
3917,crocodile,0.7653,2.29
3918,crocodile,0.7311,2.71
3919,crocodile,0.739,2.59
3920,crocodile,0.7032,2.53
3921,crocodile,0.6865,2.2
3922,crocodile,0.6594,2.68
3923,crocodile,0.6914,2.25
3924,crocodile,0.6591,2.65
3925,crocodile,0.6913,2.7
3926,crocodile,0.7129,2.8
3927,crocodile,0.6705,2.74
3928,crocodile,0.5571,2.71
3929,crocodile,0.5998,2.66
3930,crocodile,0.5642,2.64
3931,crocodile,0.6175,2.74
3932,crocodile,0.5737,2.71
3933,crocodile,0.5901,2.46
3934,crocodile,0.6795,2.1
3935,crocodile,0.6577,2.87
3936,crocodile,0.6383,2.56
3937,crocodile,0.644,3.28
3938,crocodile,0.6629,3.16
3939,crocodile,0.6316,2.61
3940,crocodile,0.6696,2.43
3941,crocodile,0.6394,2.46
3942,crocodile,0.6873,2.34
3943,crocodile,0.7369,2.42
3944,crocodile,0.7187,2.57
3945,crocodile,0.7509,2.58
3946,crocodile,0.7874,2.53
3947,crocodile,0.7514,2.26
3948,crocodile,0.7441,2.57
3949,crocodile,0.752,2.61
3950,crocodile,0.7506,2.66
3951,crocodile,0.7587,2.5
3952,crocodile,0.7633,2.49
3953,crocodile,0.7707,2.56
3954,crocodile,0.7632,2.65
3955,crocodile,0.7565,2.79
3956,crocodile,0.7467,2.35
3957,crocodile,0.7208,2.63
3958,crocodile,0.6337,2.79
3959,crocodile,0.6913,2.78
3960,crocodile,0.6087,2.42
3961,crocodile,0.6404,2.64
3962,crocodile,0.5404,2.74
3963,crocodile,0.5547,2.7
3964,crocodile,0.5814,2.79
3965,crocodile,0.6266,2.62
3966,crocodile,0.6302,2.35
3967,crocodile,0.6853,2.74
3968,crocodile,0.7216,2.7
3969,crocodile,0.6962,2.7
3970,crocodile,0.5807,2.68
3971,crocodile,0.6329,2.64
3972,crocodile,0.6375,2.69
3973,crocodile,0.675,2.63
3974,crocodile,0.6654,2.43
3975,crocodile,0.6579,2.09
3976,crocodile,0.7016,3.33
3977,crocodile,0.7125,3.32
3978,crocodile,0.6264,3.34
3979,crocodile,0.6414,3.32
3980,crocodile,0.6478,3.38
3981,crocodile,0.576,3.05
3982,crocodile,0.5485,3.01
3983,crocodile,0.552,3.13
3984,crocodile,0.5195,2.72
3985,crocodile,0.5423,2.87
3986,crocodile,0.5583,2.91
3987,crocodile,0.6228,2.9
3988,crocodile,0.5932,2.57
3989,crocodile,0.6305,2.39
3990,crocodile,0.6241,2.11
3991,crocodile,0.6539,2.11
3992,crocodile,0.6697,2.53
3993,crocodile,0.6562,2.58
3994,crocodile,0.5954,2.21
3995,crocodile,0.6486,2.21
3996,crocodile,0.6293,1.85
3997,crocodile,0.5797,2.32
3998,crocodile,0.5729,2.26
3999,crocodile,0.6091,2.58
4000,crocodile,0.5715,2.53
4001,crocodile,0.6297,2.54
4002,crocodile,0.5759,2.18
4003,crocodile,0.5722,2.07
4004,crocodile,0.6371,3.44
4005,crocodile,0.6803,3.01
4006,crocodile,0.7239,2.8
4007,crocodile,0.7382,2.69
4008,crocodile,0.7413,2.2
4009,crocodile,0.7538,2.85
4010,crocodile,0.7539,2.61
4011,crocodile,0.7753,2.63
4012,crocodile,0.7874,2.22
4013,crocodile,0.806,2.53
4014,crocodile,0.8241,2.53
4015,crocodile,0.8046,2.74
4016,crocodile,0.789,2.7
4017,crocodile,0.8128,2.04
4018,crocodile,0.8202,2.25
4019,crocodile,0.8288,2.34
4020,crocodile,0.7938,2.71
4021,crocodile,0.697,2.63
4022,crocodile,0.7147,2.66
4023,crocodile,0.647,2.67
4024,crocodile,0.6511,2.68
4025,crocodile,0.6092,2.68
4026,crocodile,0.6482,2.67
4027,non-crocodile,0.5399,2.63
4028,non-crocodile,0.5699,2.71
4029,crocodile,0.5938,2.69
4030,crocodile,0.6649,2.67
4031,crocodile,0.6892,2.74
4032,crocodile,0.6418,2.63
4033,crocodile,0.622,2.74
4034,crocodile,0.7115,2.25
4035,crocodile,0.7418,2.74
4036,crocodile,0.7365,2.65
4037,crocodile,0.7152,2.7
4038,crocodile,0.6628,2.74
4039,crocodile,0.6983,2.66
4040,crocodile,0.7258,2.74
4041,crocodile,0.7599,2.64
4042,crocodile,0.7314,2.62
4043,crocodile,0.7794,2.74
4044,crocodile,0.7484,2.64
4045,crocodile,0.7687,2.18
4046,crocodile,0.8059,2.68
4047,crocodile,0.7889,2.63
4048,crocodile,0.7769,2.75
4049,crocodile,0.7276,2.63
4050,crocodile,0.7593,2.42
4051,crocodile,0.7682,1.73
4052,crocodile,0.7682,2.59
4053,crocodile,0.7735,2.59
4054,crocodile,0.7513,2.62
4055,crocodile,0.7864,2.53
4056,crocodile,0.7733,2.43
4057,crocodile,0.7923,2.42
4058,crocodile,0.7635,2.42
4059,crocodile,0.7255,2.43
4060,crocodile,0.6854,2.75
4061,crocodile,0.6832,2.24
4062,crocodile,0.7302,2.25
4063,crocodile,0.6894,2.42
4064,crocodile,0.6429,2.4
4065,crocodile,0.7179,2.26
4066,crocodile,0.7369,2.25
4067,crocodile,0.7207,2.52
4068,crocodile,0.7268,2.46
4069,crocodile,0.7855,2.02
4070,crocodile,0.8548,3.16
4071,crocodile,0.8764,3.29
4072,crocodile,0.8506,2.62
4073,crocodile,0.8642,2.74
4074,crocodile,0.8639,2.43
4075,crocodile,0.8645,2.43
4076,crocodile,0.829,2.44
4077,crocodile,0.8354,3.12
4078,crocodile,0.8471,3.0
4079,crocodile,0.8286,2.94
4080,crocodile,0.8379,2.94
4081,crocodile,0.8248,2.89
4082,crocodile,0.8171,2.52
4083,crocodile,0.8045,2.62
4084,crocodile,0.8219,2.61
4085,crocodile,0.7737,2.71
4086,crocodile,0.8206,2.74
4087,crocodile,0.8415,2.69
4088,crocodile,0.8458,2.18
4089,crocodile,0.845,2.1
4090,crocodile,0.8407,2.26
4091,crocodile,0.8335,2.25
4092,crocodile,0.8573,2.82
4093,crocodile,0.8532,2.83
4094,crocodile,0.8645,2.72
4095,crocodile,0.8523,2.75
4096,crocodile,0.8523,2.7
4097,crocodile,0.8707,2.75
4098,crocodile,0.854,2.64
4099,crocodile,0.8614,2.63
4100,crocodile,0.8327,2.53
4101,crocodile,0.8368,2.07
4102,crocodile,0.8555,2.1
4103,crocodile,0.8702,2.22
4104,crocodile,0.8465,3.2
4105,crocodile,0.8492,3.15
4106,crocodile,0.8621,2.5
4107,crocodile,0.8522,3.32
4108,crocodile,0.8408,3.22
4109,crocodile,0.8457,2.91
4110,crocodile,0.8703,2.63
4111,crocodile,0.8598,2.75
4112,crocodile,0.8851,2.59
4113,crocodile,0.89,2.59
4114,crocodile,0.8886,2.43
4115,crocodile,0.8925,2.46
4116,crocodile,0.8979,2.53
4117,crocodile,0.9065,2.15
4118,crocodile,0.9059,3.43
4119,crocodile,0.9171,3.31
4120,crocodile,0.917,2.62
4121,crocodile,0.9047,3.32
4122,crocodile,0.9216,3.15
4123,crocodile,0.929,2.62
4124,crocodile,0.9346,2.75
4125,crocodile,0.9183,3.05
4126,crocodile,0.9343,2.96
4127,crocodile,0.9288,2.87
4128,crocodile,0.9449,2.87
4129,crocodile,0.9293,2.92
4130,crocodile,0.9409,2.75
4131,crocodile,0.9442,2.43
4132,crocodile,0.9429,2.5
4133,crocodile,0.9398,2.53
4134,crocodile,0.943,2.57
4135,crocodile,0.9208,2.44
4136,crocodile,0.9172,2.14
4137,crocodile,0.9252,2.11
4138,crocodile,0.9316,1.8
4139,crocodile,0.9048,2.57
4140,crocodile,0.8947,2.76
4141,crocodile,0.8505,3.3
4142,crocodile,0.7907,3.36
4143,crocodile,0.7482,2.56
4144,crocodile,0.7502,2.26
4145,crocodile,0.7645,2.33
4146,crocodile,0.7778,2.25
4147,crocodile,0.7753,2.25
4148,crocodile,0.7965,2.28
4149,crocodile,0.7977,2.12
4150,crocodile,0.8037,1.84
4151,crocodile,0.8212,2.39
4152,crocodile,0.8365,2.59
4153,crocodile,0.8073,2.55
4154,crocodile,0.8241,2.46
4155,crocodile,0.8052,2.41
4156,crocodile,0.7907,2.46
4157,crocodile,0.7539,2.54
4158,crocodile,0.7978,2.16
4159,crocodile,0.8145,2.63
4160,crocodile,0.7722,2.63
4161,crocodile,0.7883,2.63
4162,crocodile,0.8049,2.56
4163,crocodile,0.79,2.61
4164,crocodile,0.8169,2.25
4165,crocodile,0.7883,2.61
4166,crocodile,0.8161,2.64
4167,crocodile,0.8211,2.26
4168,crocodile,0.8452,2.29
4169,crocodile,0.8381,2.31
4170,crocodile,0.8526,2.55
4171,crocodile,0.835,2.24
4172,crocodile,0.8213,2.22
4173,crocodile,0.8409,2.75
4174,crocodile,0.8219,2.65
4175,crocodile,0.8436,2.63
4176,crocodile,0.8451,2.23
4177,crocodile,0.8195,2.0
4178,crocodile,0.8408,2.63
4179,crocodile,0.8562,2.55
4180,crocodile,0.8178,2.62
4181,crocodile,0.7999,3.36
4182,crocodile,0.7451,2.58
4183,crocodile,0.7841,2.27
4184,crocodile,0.7777,2.22
4185,crocodile,0.8036,2.19
4186,crocodile,0.7433,2.17
4187,crocodile,0.7133,2.22
4188,crocodile,0.707,2.17
4189,crocodile,0.6676,2.25
4190,crocodile,0.6786,2.63
4191,crocodile,0.6897,2.67
4192,crocodile,0.7284,2.69
4193,crocodile,0.7155,2.68
4194,crocodile,0.6591,2.14
4195,crocodile,0.6438,2.64
4196,crocodile,0.645,2.69
4197,crocodile,0.7059,2.76
4198,crocodile,0.6633,2.55
4199,crocodile,0.719,2.2
4200,crocodile,0.6988,2.11
4201,crocodile,0.666,2.36
4202,crocodile,0.6901,2.1
4203,crocodile,0.732,2.21
4204,crocodile,0.7299,2.27
4205,crocodile,0.7104,2.63
4206,crocodile,0.7447,2.78
4207,crocodile,0.7554,2.58
4208,crocodile,0.7125,2.28
4209,crocodile,0.6923,2.3
4210,crocodile,0.7295,2.7
4211,crocodile,0.7696,2.68
4212,crocodile,0.7516,2.19
4213,crocodile,0.7804,2.26
4214,crocodile,0.7929,2.19
4215,crocodile,0.7093,2.67
4216,crocodile,0.6891,2.71
4217,crocodile,0.7527,2.75
4218,crocodile,0.6955,2.77
4219,crocodile,0.7244,2.59
4220,crocodile,0.778,2.66
4221,crocodile,0.7324,2.75
4222,crocodile,0.7277,2.73
4223,crocodile,0.727,2.75
4224,crocodile,0.7537,2.6
4225,crocodile,0.6611,2.72
4226,crocodile,0.7631,2.72
4227,crocodile,0.7888,2.71
4228,crocodile,0.7825,2.64
4229,crocodile,0.7515,2.01
4230,crocodile,0.7276,2.28
4231,crocodile,0.807,2.22
4232,crocodile,0.8151,2.76
4233,crocodile,0.7669,2.67
4234,crocodile,0.804,2.63
4235,crocodile,0.7901,2.63
4236,crocodile,0.7662,2.63
4237,crocodile,0.7821,2.74
4238,crocodile,0.8063,2.69
4239,crocodile,0.7196,2.61
4240,crocodile,0.7197,2.18
4241,crocodile,0.7411,3.16
4242,crocodile,0.7128,3.03
4243,crocodile,0.7095,3.12
4244,crocodile,0.7099,3.29
4245,crocodile,0.7328,3.44
4246,crocodile,0.6864,3.11
4247,crocodile,0.686,2.99
4248,crocodile,0.7097,3.04
4249,crocodile,0.6979,2.83
4250,crocodile,0.6755,3.05
4251,crocodile,0.7372,2.88
4252,crocodile,0.776,2.83
4253,crocodile,0.8011,2.5
4254,crocodile,0.8177,2.14
4255,crocodile,0.803,2.63
4256,crocodile,0.8232,2.28
4257,crocodile,0.8402,2.63
4258,crocodile,0.8426,2.71
4259,crocodile,0.8514,2.63
4260,crocodile,0.8237,2.53
4261,crocodile,0.8336,2.53
4262,crocodile,0.8779,2.16
4263,crocodile,0.8548,2.24
4264,crocodile,0.8341,2.73
4265,crocodile,0.8386,2.75
4266,crocodile,0.7909,2.72
4267,crocodile,0.7719,2.67
4268,crocodile,0.7674,2.72
4269,crocodile,0.801,2.66
4270,crocodile,0.7723,2.54
4271,crocodile,0.7785,2.7
4272,crocodile,0.7869,2.27
4273,crocodile,0.8341,2.24
4274,crocodile,0.8008,2.12
4275,crocodile,0.7523,2.17
4276,crocodile,0.7435,2.3
4277,crocodile,0.7961,2.64
4278,crocodile,0.8066,2.75
4279,crocodile,0.8551,2.66
4280,crocodile,0.8468,2.73
4281,crocodile,0.8444,2.63
4282,crocodile,0.7861,2.75
4283,crocodile,0.7918,2.64
4284,crocodile,0.7355,2.76
4285,crocodile,0.7218,2.67
4286,crocodile,0.7031,2.69
4287,crocodile,0.6845,2.45
4288,crocodile,0.6837,2.65
4289,crocodile,0.7048,2.63
4290,crocodile,0.6875,2.75
4291,crocodile,0.6854,2.71
4292,crocodile,0.7145,2.48
4293,crocodile,0.7589,2.63
4294,crocodile,0.7778,2.76
4295,crocodile,0.7573,2.7
4296,crocodile,0.7329,2.57
4297,crocodile,0.7742,2.76
4298,crocodile,0.7875,2.66
4299,crocodile,0.773,2.56
4300,crocodile,0.7966,2.04
4301,crocodile,0.7908,2.33
4302,crocodile,0.768,2.34
4303,crocodile,0.732,3.03
4304,crocodile,0.7464,3.19
4305,crocodile,0.7337,3.26
4306,crocodile,0.7066,3.23
4307,crocodile,0.7287,3.02
4308,crocodile,0.7368,3.01
4309,crocodile,0.7475,2.61
4310,crocodile,0.8821,2.7
4311,crocodile,0.8718,2.52
4312,crocodile,0.8644,2.52
4313,crocodile,0.8743,2.54
4314,crocodile,0.8596,2.52
4315,crocodile,0.8305,2.49
4316,crocodile,0.8458,2.11
4317,crocodile,0.8432,3.09
4318,crocodile,0.8288,3.01
4319,crocodile,0.7601,3.38
4320,crocodile,0.7611,2.81
4321,crocodile,0.7529,3.33
4322,crocodile,0.7819,3.16
4323,crocodile,0.7817,3.0
4324,crocodile,0.8096,3.06
4325,crocodile,0.7922,3.0
4326,crocodile,0.7669,3.01
4327,crocodile,0.7549,2.86
4328,crocodile,0.7722,2.92
4329,crocodile,0.7904,2.65
4330,crocodile,0.7373,2.54
4331,crocodile,0.7565,2.62
4332,crocodile,0.7704,2.65
4333,crocodile,0.7962,2.55
4334,crocodile,0.8162,2.63
4335,crocodile,0.8184,2.69
4336,crocodile,0.8342,2.64
4337,crocodile,0.8088,2.64
4338,crocodile,0.8406,2.69
4339,crocodile,0.8324,2.72
4340,crocodile,0.8389,2.64
4341,crocodile,0.8071,2.75
4342,crocodile,0.8459,2.51
4343,crocodile,0.8285,2.34
4344,crocodile,0.8396,2.66
4345,crocodile,0.8656,2.64
4346,crocodile,0.8728,2.63
4347,crocodile,0.8823,2.66
4348,crocodile,0.8446,2.7
4349,crocodile,0.8215,2.72
4350,crocodile,0.7539,2.74
4351,crocodile,0.7891,2.46
4352,crocodile,0.8305,2.42
4353,crocodile,0.8613,2.56
4354,crocodile,0.8435,2.65
4355,crocodile,0.8388,2.53
4356,crocodile,0.8486,2.52
4357,crocodile,0.8022,2.63
4358,crocodile,0.7802,2.23
4359,crocodile,0.7962,2.21
4360,crocodile,0.7706,2.78
4361,crocodile,0.7492,2.34
4362,crocodile,0.7465,2.81
4363,crocodile,0.7542,2.68
4364,crocodile,0.7547,2.68
4365,crocodile,0.7687,2.16
4366,crocodile,0.81,2.56
4367,crocodile,0.7956,2.74
4368,crocodile,0.8287,2.69
4369,crocodile,0.8148,2.64
4370,crocodile,0.8327,2.34
4371,crocodile,0.8482,2.63
4372,crocodile,0.8482,2.64
4373,crocodile,0.8454,2.73
4374,crocodile,0.8278,2.51
4375,crocodile,0.8197,2.23
4376,crocodile,0.8391,2.13
4377,crocodile,0.8552,2.18
4378,crocodile,0.8515,2.66
4379,crocodile,0.7962,2.62
4380,crocodile,0.7944,2.63
4381,crocodile,0.7953,2.63
4382,crocodile,0.8138,2.64
4383,crocodile,0.8037,2.64
4384,crocodile,0.8214,2.75
4385,crocodile,0.8257,2.74
4386,crocodile,0.7895,2.7
4387,crocodile,0.8223,2.56
4388,crocodile,0.857,2.75
4389,crocodile,0.888,2.34
4390,crocodile,0.8618,2.66
4391,crocodile,0.8714,2.66
4392,crocodile,0.86,2.64
4393,crocodile,0.8688,2.53
4394,crocodile,0.8673,2.11
4395,crocodile,0.8719,2.63
4396,crocodile,0.8769,2.75
4397,crocodile,0.8694,2.71
4398,crocodile,0.865,2.64
4399,crocodile,0.8431,2.52
4400,crocodile,0.8522,2.75
4401,crocodile,0.8532,2.05
4402,crocodile,0.831,2.02
4403,crocodile,0.8021,2.45
4404,crocodile,0.8331,2.54
4405,crocodile,0.8255,3.26
4406,crocodile,0.8473,3.3
4407,crocodile,0.8402,3.03
4408,crocodile,0.84,2.58
4409,crocodile,0.8317,2.63
4410,crocodile,0.8016,2.67
4411,crocodile,0.8287,2.72
4412,crocodile,0.8338,2.74
4413,crocodile,0.8143,2.75
4414,crocodile,0.8503,2.49
4415,crocodile,0.8335,2.27
4416,crocodile,0.8416,2.19
4417,crocodile,0.8499,2.38
4418,crocodile,0.8013,2.23
4419,crocodile,0.8099,2.18
4420,crocodile,0.828,2.23
4421,crocodile,0.8319,2.74
4422,crocodile,0.8298,2.76
4423,crocodile,0.801,2.64
4424,crocodile,0.7927,2.54
4425,crocodile,0.8012,2.74
4426,crocodile,0.8075,2.76
4427,crocodile,0.8269,2.68
4428,non-crocodile,0.9424,2.53
4429,non-crocodile,0.9419,2.1
4430,non-crocodile,0.9419,2.75
4431,non-crocodile,0.9421,2.67
4432,non-crocodile,0.9417,2.75
4433,non-crocodile,0.9384,2.75
4434,non-crocodile,0.9343,2.64
4435,non-crocodile,0.9346,2.52
4436,non-crocodile,0.9342,2.43
4437,non-crocodile,0.9363,2.82
4438,non-crocodile,0.9404,2.08
4439,non-crocodile,0.9427,2.63
4440,non-crocodile,0.9415,2.2
4441,non-crocodile,0.9412,2.6
4442,non-crocodile,0.9396,2.6
4443,non-crocodile,0.9451,2.51
4444,non-crocodile,0.9448,2.26
4445,non-crocodile,0.9439,2.25
4446,non-crocodile,0.9444,2.22
4447,non-crocodile,0.9454,2.26
4448,non-crocodile,0.9439,2.26
4449,non-crocodile,0.944,2.63
4450,non-crocodile,0.9432,2.57
4451,non-crocodile,0.9382,2.41
4452,non-crocodile,0.9234,2.65
4453,non-crocodile,0.9236,1.7
4454,non-crocodile,0.924,3.18
4455,non-crocodile,0.925,3.16
4456,non-crocodile,0.9252,3.15
4457,non-crocodile,0.9258,3.31
4458,non-crocodile,0.9276,3.05
4459,non-crocodile,0.9292,2.82
4460,non-crocodile,0.9307,3.01
4461,non-crocodile,0.9321,2.92
4462,non-crocodile,0.932,3.01
4463,non-crocodile,0.9322,3.01
4464,non-crocodile,0.932,2.92
4465,non-crocodile,0.932,2.52
4466,non-crocodile,0.9316,2.56
4467,non-crocodile,0.9319,2.61
4468,non-crocodile,0.9317,2.63
4469,non-crocodile,0.932,2.63
4470,non-crocodile,0.9318,2.63
4471,non-crocodile,0.9319,2.67
4472,non-crocodile,0.9317,2.64
4473,non-crocodile,0.9317,2.63
4474,non-crocodile,0.9316,2.56
4475,non-crocodile,0.9319,2.73
4476,non-crocodile,0.9319,2.67
4477,non-crocodile,0.932,2.64
4478,non-crocodile,0.9319,2.69
4479,non-crocodile,0.932,2.76
4480,non-crocodile,0.9319,2.77
4481,non-crocodile,0.932,2.53
4482,non-crocodile,0.9319,2.53
4483,non-crocodile,0.932,2.23
4484,non-crocodile,0.9318,2.25
4485,non-crocodile,0.9319,2.25
4486,non-crocodile,0.9318,2.75
4487,non-crocodile,0.9318,2.76
4488,non-crocodile,0.9322,2.66
4489,non-crocodile,0.9322,2.53
4490,non-crocodile,0.9324,2.12
4491,non-crocodile,0.9324,2.7
4492,non-crocodile,0.9323,2.64
4493,non-crocodile,0.9323,2.75
4494,non-crocodile,0.9321,2.59
4495,non-crocodile,0.9323,2.73
4496,non-crocodile,0.9321,2.71
4497,non-crocodile,0.9321,2.66
4498,non-crocodile,0.932,2.57
4499,non-crocodile,0.9321,2.77
4500,non-crocodile,0.9321,2.64
4501,non-crocodile,0.9323,2.56
4502,non-crocodile,0.9322,2.64
4503,non-crocodile,0.9321,2.5
4504,non-crocodile,0.932,3.26
4505,non-crocodile,0.9319,3.17
4506,non-crocodile,0.9319,3.16
4507,non-crocodile,0.9319,3.26
4508,non-crocodile,0.9318,2.91
4509,non-crocodile,0.9318,2.65
4510,non-crocodile,0.9318,2.96
4511,non-crocodile,0.9318,2.67
4512,non-crocodile,0.9319,2.46
4513,non-crocodile,0.9319,3.11
4514,non-crocodile,0.9319,3.15
4515,non-crocodile,0.9319,2.53
4516,non-crocodile,0.9319,2.53
4517,non-crocodile,0.9317,2.16
4518,non-crocodile,0.9318,2.22
4519,non-crocodile,0.9317,2.25
4520,non-crocodile,0.9316,1.83
4521,non-crocodile,0.9316,2.83
4522,non-crocodile,0.9315,2.74
4523,non-crocodile,0.9318,2.79
4524,non-crocodile,0.9316,2.8
4525,non-crocodile,0.9318,2.75
4526,non-crocodile,0.9317,2.71
4527,non-crocodile,0.9319,2.67
4528,non-crocodile,0.9319,2.75
4529,non-crocodile,0.9321,2.69
4530,non-crocodile,0.9319,2.68
4531,non-crocodile,0.9319,2.64
4532,non-crocodile,0.9318,2.63
4533,non-crocodile,0.9318,2.62
4534,non-crocodile,0.9317,2.53
4535,non-crocodile,0.9319,2.11
4536,non-crocodile,0.9319,2.63
4537,non-crocodile,0.932,2.67
4538,non-crocodile,0.9319,2.75
4539,non-crocodile,0.9319,2.77
4540,non-crocodile,0.9318,2.71
4541,non-crocodile,0.9318,2.61
4542,non-crocodile,0.9317,2.63
4543,non-crocodile,0.9318,2.24
4544,non-crocodile,0.9317,2.73
4545,non-crocodile,0.9318,2.64
4546,non-crocodile,0.9318,2.74
4547,non-crocodile,0.9318,2.56
4548,non-crocodile,0.932,2.67
4549,non-crocodile,0.932,2.29
4550,non-crocodile,0.932,2.73
4551,non-crocodile,0.932,2.54
